  SYNC    include/config/auto.conf.cmd
  WRAP    arch/x86/include/generated/uapi/asm/bpf_perf_event.h
  WRAP    arch/x86/include/generated/uapi/asm/errno.h
  WRAP    arch/x86/include/generated/uapi/asm/fcntl.h
  WRAP    arch/x86/include/generated/uapi/asm/ioctl.h
  WRAP    arch/x86/include/generated/uapi/asm/ioctls.h
  WRAP    arch/x86/include/generated/uapi/asm/ipcbuf.h
  WRAP    arch/x86/include/generated/uapi/asm/param.h
  UPD     include/generated/uapi/linux/version.h
  WRAP    arch/x86/include/generated/uapi/asm/poll.h
  WRAP    arch/x86/include/generated/uapi/asm/resource.h
  WRAP    arch/x86/include/generated/uapi/asm/socket.h
  SYSHDR  arch/x86/include/generated/uapi/asm/unistd_32.h
  WRAP    arch/x86/include/generated/uapi/asm/sockios.h
  WRAP    arch/x86/include/generated/uapi/asm/termbits.h
  SYSHDR  arch/x86/include/generated/uapi/asm/unistd_64.h
  WRAP    arch/x86/include/generated/uapi/asm/termios.h
  WRAP    arch/x86/include/generated/uapi/asm/types.h
  SYSHDR  arch/x86/include/generated/uapi/asm/unistd_x32.h
  SYSTBL  arch/x86/include/generated/asm/syscalls_32.h
  SYSHDR  arch/x86/include/generated/asm/unistd_32_ia32.h
  SYSHDR  arch/x86/include/generated/asm/unistd_64_x32.h
  SYSTBL  arch/x86/include/generated/asm/syscalls_64.h
  HYPERCALLS arch/x86/include/generated/asm/xen-hypercalls.h
  UPD     include/generated/compile.h
  HOSTCC  arch/x86/tools/relocs_32.o
  UPD     arch/x86/include/generated/asm/cpufeaturemasks.h
  WRAP    arch/x86/include/generated/asm/early_ioremap.h
  HOSTCC  arch/x86/tools/relocs_64.o
  WRAP    arch/x86/include/generated/asm/fprobe.h
  WRAP    arch/x86/include/generated/asm/mcs_spinlock.h
  HOSTCC  arch/x86/tools/relocs_common.o
  WRAP    arch/x86/include/generated/asm/mmzone.h
  UPD     include/config/kernel.release
  WRAP    arch/x86/include/generated/asm/ring_buffer.h
  HOSTCC  arch/x86/tools/vdso2c
  WRAP    arch/x86/include/generated/asm/device.h
  WRAP    arch/x86/include/generated/asm/irq_regs.h
  WRAP    arch/x86/include/generated/asm/kmap_size.h
  WRAP    arch/x86/include/generated/asm/local64.h
  WRAP    arch/x86/include/generated/asm/mmiowb.h
  WRAP    arch/x86/include/generated/asm/module.lds.h
  WRAP    arch/x86/include/generated/asm/rwonce.h
  UPD     include/generated/utsrelease.h
  HOSTCC  scripts/kallsyms
  HOSTCC  scripts/sorttable.o
  HOSTCC  scripts/elf-parse.o
  DESCEND bpf/resolve_btfids
  DESCEND objtool
  HOSTCC  scripts/asn1_compiler
  HOSTCC  scripts/genksyms/genksyms.o
  YACC    scripts/genksyms/parse.tab.[ch]
  LEX     scripts/genksyms/lex.lex.c
  HOSTCC  scripts/sign-file
  HOSTCC  scripts/insert-sys-cert
  HOSTCC  scripts/selinux/mdp/mdp
  HOSTCC  scripts/tracepoint-update.o
  MKDIR     /users/diego01/bpf-dev/linux/tools/bpf/resolve_btfids/libbpf/
  MKDIR     /users/diego01/bpf-dev/linux/tools/bpf/resolve_btfids//libsubcmd
  GEN     /users/diego01/bpf-dev/linux/tools/bpf/resolve_btfids/libbpf/bpf_helper_defs.h
  INSTALL /users/diego01/bpf-dev/linux/tools/bpf/resolve_btfids/libbpf//include/bpf/libbpf.h
  INSTALL /users/diego01/bpf-dev/linux/tools/bpf/resolve_btfids/libbpf//include/bpf/bpf.h
  INSTALL /users/diego01/bpf-dev/linux/tools/bpf/resolve_btfids/libbpf//include/bpf/btf.h
  INSTALL /users/diego01/bpf-dev/linux/tools/bpf/resolve_btfids/libbpf//include/bpf/libbpf_common.h
  INSTALL /users/diego01/bpf-dev/linux/tools/bpf/resolve_btfids/libbpf//include/bpf/libbpf_legacy.h
  INSTALL /users/diego01/bpf-dev/linux/tools/bpf/resolve_btfids/libbpf//include/bpf/bpf_helpers.h
  INSTALL /users/diego01/bpf-dev/linux/tools/bpf/resolve_btfids/libbpf//include/bpf/bpf_endian.h
  INSTALL /users/diego01/bpf-dev/linux/tools/bpf/resolve_btfids/libbpf//include/bpf/bpf_core_read.h
  INSTALL /users/diego01/bpf-dev/linux/tools/bpf/resolve_btfids/libbpf//include/bpf/bpf_tracing.h
  INSTALL /users/diego01/bpf-dev/linux/tools/bpf/resolve_btfids/libbpf//include/bpf/usdt.bpf.h
  INSTALL /users/diego01/bpf-dev/linux/tools/bpf/resolve_btfids/libbpf//include/bpf/skel_internal.h
  INSTALL /users/diego01/bpf-dev/linux/tools/bpf/resolve_btfids/libbpf//include/bpf/libbpf_version.h
  HOSTLD  scripts/tracepoint-update
  INSTALL /users/diego01/bpf-dev/linux/tools/bpf/resolve_btfids/libbpf//include/bpf/bpf_helper_defs.h
  INSTALL libbpf_headers
  HOSTLD  arch/x86/tools/relocs
  HOSTLD  scripts/sorttable
  HOSTCC  scripts/genksyms/parse.tab.o
  HOSTCC  scripts/genksyms/lex.lex.o
  INSTALL /users/diego01/bpf-dev/linux/tools/bpf/resolve_btfids/libsubcmd//include/subcmd/exec-cmd.h
  INSTALL /users/diego01/bpf-dev/linux/tools/bpf/resolve_btfids/libsubcmd//include/subcmd/help.h
  INSTALL /users/diego01/bpf-dev/linux/tools/bpf/resolve_btfids/libsubcmd//include/subcmd/pager.h
  INSTALL /users/diego01/bpf-dev/linux/tools/bpf/resolve_btfids/libsubcmd//include/subcmd/parse-options.h
  INSTALL /users/diego01/bpf-dev/linux/tools/bpf/resolve_btfids/libsubcmd//include/subcmd/run-command.h
  INSTALL libsubcmd_headers
  CC      /users/diego01/bpf-dev/linux/tools/bpf/resolve_btfids/libbpf/staticobjs/libbpf.o
  CC      /users/diego01/bpf-dev/linux/tools/bpf/resolve_btfids/libbpf/staticobjs/bpf.o
  CC      /users/diego01/bpf-dev/linux/tools/bpf/resolve_btfids/libbpf/staticobjs/nlattr.o
  CC      /users/diego01/bpf-dev/linux/tools/bpf/resolve_btfids/libbpf/staticobjs/btf.o
  CC      /users/diego01/bpf-dev/linux/tools/bpf/resolve_btfids/libbpf/staticobjs/libbpf_utils.o
  CC      /users/diego01/bpf-dev/linux/tools/bpf/resolve_btfids/libbpf/staticobjs/netlink.o
  CC      /users/diego01/bpf-dev/linux/tools/bpf/resolve_btfids/libbpf/staticobjs/bpf_prog_linfo.o
  CC      /users/diego01/bpf-dev/linux/tools/bpf/resolve_btfids/libbpf/staticobjs/libbpf_probes.o
  CC      /users/diego01/bpf-dev/linux/tools/bpf/resolve_btfids/libbpf/staticobjs/hashmap.o
  CC      /users/diego01/bpf-dev/linux/tools/bpf/resolve_btfids/libbpf/staticobjs/btf_dump.o
  CC      /users/diego01/bpf-dev/linux/tools/bpf/resolve_btfids/libbpf/staticobjs/ringbuf.o
  CC      /users/diego01/bpf-dev/linux/tools/bpf/resolve_btfids/libbpf/staticobjs/strset.o
  CC      /users/diego01/bpf-dev/linux/tools/bpf/resolve_btfids/libbpf/staticobjs/linker.o
  CC      /users/diego01/bpf-dev/linux/tools/bpf/resolve_btfids/libbpf/staticobjs/gen_loader.o
  CC      /users/diego01/bpf-dev/linux/tools/bpf/resolve_btfids/libbpf/staticobjs/relo_core.o
  CC      /users/diego01/bpf-dev/linux/tools/bpf/resolve_btfids/libbpf/staticobjs/usdt.o
  CC      /users/diego01/bpf-dev/linux/tools/bpf/resolve_btfids/libbpf/staticobjs/zip.o
  CC      /users/diego01/bpf-dev/linux/tools/bpf/resolve_btfids/libbpf/staticobjs/elf.o
  CC      /users/diego01/bpf-dev/linux/tools/bpf/resolve_btfids/libbpf/staticobjs/features.o
  CC      /users/diego01/bpf-dev/linux/tools/bpf/resolve_btfids/libbpf/staticobjs/btf_iter.o
  CC      /users/diego01/bpf-dev/linux/tools/bpf/resolve_btfids/libbpf/staticobjs/btf_relocate.o
  CC      /users/diego01/bpf-dev/linux/tools/bpf/resolve_btfids/libsubcmd/exec-cmd.o
  CC      /users/diego01/bpf-dev/linux/tools/bpf/resolve_btfids/libsubcmd/help.o
  CC      /users/diego01/bpf-dev/linux/tools/bpf/resolve_btfids/libsubcmd/pager.o
  CC      /users/diego01/bpf-dev/linux/tools/bpf/resolve_btfids/libsubcmd/parse-options.o
  CC      /users/diego01/bpf-dev/linux/tools/bpf/resolve_btfids/libsubcmd/run-command.o
  CC      /users/diego01/bpf-dev/linux/tools/bpf/resolve_btfids/libsubcmd/sigchain.o
  CC      /users/diego01/bpf-dev/linux/tools/bpf/resolve_btfids/libsubcmd/subcmd-config.o
  CC      /users/diego01/bpf-dev/linux/tools/objtool/libsubcmd/exec-cmd.o
  CC      /users/diego01/bpf-dev/linux/tools/objtool/libsubcmd/help.o
  CC      /users/diego01/bpf-dev/linux/tools/objtool/libsubcmd/pager.o
  CC      /users/diego01/bpf-dev/linux/tools/objtool/libsubcmd/parse-options.o
  CC      /users/diego01/bpf-dev/linux/tools/objtool/libsubcmd/run-command.o
  HOSTLD  scripts/genksyms/genksyms
  CC      /users/diego01/bpf-dev/linux/tools/objtool/libsubcmd/sigchain.o
  CC      /users/diego01/bpf-dev/linux/tools/objtool/libsubcmd/subcmd-config.o
  CC      scripts/mod/empty.o
  HOSTCC  scripts/mod/mk_elfconfig
  CC      scripts/mod/devicetable-offsets.s
  UPD     scripts/mod/devicetable-offsets.h
  MKELF   scripts/mod/elfconfig.h
  HOSTCC  scripts/mod/modpost.o
  HOSTCC  scripts/mod/file2alias.o
  HOSTCC  scripts/mod/sumversion.o
  HOSTCC  scripts/mod/symsearch.o
  LD      /users/diego01/bpf-dev/linux/tools/bpf/resolve_btfids/libsubcmd/libsubcmd-in.o
  AR      /users/diego01/bpf-dev/linux/tools/bpf/resolve_btfids/libsubcmd/libsubcmd.a
  LD      /users/diego01/bpf-dev/linux/tools/objtool/libsubcmd/libsubcmd-in.o
  AR      /users/diego01/bpf-dev/linux/tools/objtool/libsubcmd/libsubcmd.a
  CC      /users/diego01/bpf-dev/linux/tools/objtool/weak.o
  MKDIR   /users/diego01/bpf-dev/linux/tools/objtool/arch/x86/lib/
  CC      /users/diego01/bpf-dev/linux/tools/objtool/check.o
  MKDIR   /users/diego01/bpf-dev/linux/tools/objtool/arch/x86/lib/
  CC      /users/diego01/bpf-dev/linux/tools/objtool/special.o
  CC      /users/diego01/bpf-dev/linux/tools/objtool/arch/x86/orc.o
  GEN     /users/diego01/bpf-dev/linux/tools/objtool/arch/x86/lib/inat-tables.c
  CC      /users/diego01/bpf-dev/linux/tools/objtool/builtin-check.o
  GEN     /users/diego01/bpf-dev/linux/tools/objtool/arch/x86/lib/cpu-feature-names.c
  CC      /users/diego01/bpf-dev/linux/tools/objtool/elf.o
  CC      /users/diego01/bpf-dev/linux/tools/objtool/objtool.o
  CC      /users/diego01/bpf-dev/linux/tools/objtool/orc_gen.o
  CC      /users/diego01/bpf-dev/linux/tools/objtool/orc_dump.o
  CC      /users/diego01/bpf-dev/linux/tools/objtool/libstring.o
  CC      /users/diego01/bpf-dev/linux/tools/objtool/libctype.o
  CC      /users/diego01/bpf-dev/linux/tools/objtool/str_error_r.o
  CC      /users/diego01/bpf-dev/linux/tools/objtool/librbtree.o
  CC      /users/diego01/bpf-dev/linux/tools/objtool/signal.o
  CC      /users/diego01/bpf-dev/linux/tools/objtool/arch/x86/special.o
  CC      /users/diego01/bpf-dev/linux/tools/objtool/arch/x86/decode.o
  HOSTLD  scripts/mod/modpost
  CC      kernel/bounds.s
  CHKSHA1 include/linux/atomic/atomic-arch-fallback.h
  CHKSHA1 include/linux/atomic/atomic-instrumented.h
  CHKSHA1 include/linux/atomic/atomic-long.h
  UPD     include/generated/timeconst.h
  UPD     include/generated/bounds.h
  CC      arch/x86/kernel/asm-offsets.s
  LD      /users/diego01/bpf-dev/linux/tools/objtool/arch/x86/objtool-in.o
  UPD     include/generated/asm-offsets.h
  CC      kernel/sched/rq-offsets.s
  UPD     include/generated/rq-offsets.h
  CALL    scripts/checksyscalls.sh 
  GEN     scripts/gdb/linux/constants.py
  LD      /users/diego01/bpf-dev/linux/tools/objtool/objtool-in.o
  LINK    /users/diego01/bpf-dev/linux/tools/objtool/objtool
  LD      /users/diego01/bpf-dev/linux/tools/bpf/resolve_btfids/libbpf/staticobjs/libbpf-in.o
  LINK    /users/diego01/bpf-dev/linux/tools/bpf/resolve_btfids/libbpf/libbpf.a
  HOSTCC  /users/diego01/bpf-dev/linux/tools/bpf/resolve_btfids/main.o
  HOSTCC  /users/diego01/bpf-dev/linux/tools/bpf/resolve_btfids/rbtree.o
  HOSTCC  /users/diego01/bpf-dev/linux/tools/bpf/resolve_btfids/zalloc.o
  HOSTCC  /users/diego01/bpf-dev/linux/tools/bpf/resolve_btfids/string.o
  HOSTCC  /users/diego01/bpf-dev/linux/tools/bpf/resolve_btfids/ctype.o
  HOSTCC  /users/diego01/bpf-dev/linux/tools/bpf/resolve_btfids/str_error_r.o
  HOSTLD  /users/diego01/bpf-dev/linux/tools/bpf/resolve_btfids/resolve_btfids-in.o
  LINK     resolve_btfids
  LDS     scripts/module.lds
  HOSTCC  usr/gen_init_cpio
  CC      ipc/compat.o
  CC      init/main.o
  CC      ipc/util.o
  CC      certs/system_keyring.o
  CC      init/do_mounts.o
  UPD     init/utsversion-tmp.h
  CC      ipc/msgutil.o
  CC      init/do_mounts_initrd.o
  CC      arch/x86/pci/i386.o
  AS      arch/x86/lib/bhi.o
  AR      sound/built-in.a
  CC      arch/x86/pci/init.o
  CC      io_uring/io_uring.o
  AS      arch/x86/boot/startup/efi-mixed.o
  CC      arch/x86/power/cpu.o
  HOSTCC  security/selinux/genheaders
  CC      arch/x86/platform/pvh/enlighten.o
  CC      arch/x86/video/video-common.o
  CC      security/smack/smack_lsm.o
  CC      arch/x86/realmode/init.o
  CC      security/yama/yama_lsm.o
  AR      samples/vfio-mdev/built-in.a
  CC      mm/kfence/core.o
  CC      security/tomoyo/audit.o
  CC      security/apparmor/apparmorfs.o
  CC      arch/x86/xen/enlighten.o
  CC      security/safesetid/lsm.o
  CC      block/partitions/core.o
  CC      virt/lib/irqbypass.o
  CC      arch/x86/coco/sev/core.o
  AR      lib/kunit/built-in.a
  AR      drivers/cache/built-in.a
  AR      samples/built-in.a
  CC      net/ethernet/eth.o
  ASN.1   security/keys/trusted-keys/tpm2key.asn1.[ch]
  CC      arch/x86/events/amd/core.o
  CC      net/core/sock.o
  CC      fs/notify/dnotify/dnotify.o
  CC      security/keys/trusted-keys/trusted_core.o
  CC      arch/x86/kernel/fpu/init.o
  AR      lib/math/tests/built-in.a
  CC      drivers/irqchip/irq-msi-lib.o
  CC      lib/math/div64.o
  LDS     arch/x86/entry/vdso/vdso64/vdso64.lds
  AR      drivers/bus/mhi/built-in.a
  CC      kernel/sched/core.o
  AR      drivers/bus/built-in.a
  AS      arch/x86/boot/startup/la57toggle.o
  AS      arch/x86/entry/vdso/vdso64/note.o
  CC      crypto/asymmetric_keys/asymmetric_type.o
  AS      arch/x86/lib/clear_page_64.o
  CC      security/lockdown/lockdown.o
  CC      arch/x86/entry/vdso/vdso64/vclock_gettime.o
  CC      arch/x86/boot/startup/gdt_idt.o
  GEN     security/selinux/flask.h security/selinux/av_permissions.h
  CC      security/selinux/avc.o
  CC      lib/math/gcd.o
  GEN     usr/initramfs_data.cpio
  COPY    usr/initramfs_inc_data
  CC      lib/math/lcm.o
  AS      usr/initramfs_data.o
  AR      usr/built-in.a
  CC      arch/x86/entry/vdso/vdso64/vgetcpu.o
  CC      lib/math/int_log.o
  HOSTCC  certs/extract-cert
  CC      arch/x86/kernel/fpu/bugs.o
  CC      arch/x86/boot/startup/map_kernel.o
  CC      lib/math/int_pow.o
  CC      arch/x86/lib/cmdline.o
  CC      lib/math/int_sqrt.o
  CC      arch/x86/entry/vdso/vdso64/vgetrandom.o
  CC      arch/x86/kernel/fpu/core.o
  AS      arch/x86/platform/pvh/head.o
  AS      arch/x86/realmode/rm/header.o
  AS      arch/x86/lib/cmpxchg16b_emu.o
  COPY    certs/x509.genkey
  CC      certs/blacklist.o
  CC      arch/x86/kernel/cpu/mce/core.o
  CC      arch/x86/kernel/cpu/mce/severity.o
  CC      lib/math/reciprocal_div.o
  AR      arch/x86/platform/pvh/built-in.a
  CC      arch/x86/kernel/cpu/mce/genpool.o
  AS      arch/x86/realmode/rm/trampoline_64.o
  CC      arch/x86/lib/copy_mc.o
  AS      arch/x86/entry/vdso/vdso64/vgetrandom-chacha.o
  AS      arch/x86/realmode/rm/stack.o
  CC      arch/x86/kernel/cpu/mce/intel.o
  CC      arch/x86/entry/vsyscall/vsyscall_64.o
  AS      arch/x86/entry/vdso/vdso64/vsgx.o
  AS      arch/x86/realmode/rm/reboot.o
  AS      arch/x86/realmode/rm/wakeup_asm.o
  CC      arch/x86/boot/startup/sme.o
  CC      lib/math/rational.o
  CC      arch/x86/entry/vdso/vdso64/vfutex.o
  AR      fs/notify/dnotify/built-in.a
  CC      arch/x86/realmode/rm/wakemain.o
  CC      net/802/fc.o
  CC      fs/notify/inotify/inotify_fsnotify.o
  AR      security/lockdown/built-in.a
  CC      security/safesetid/securityfs.o
  VDSO    arch/x86/entry/vdso/vdso64/vdso64.so.dbg
  AR      drivers/irqchip/built-in.a
  CC      fs/notify/fanotify/fanotify.o
  AR      security/yama/built-in.a
  OBJCOPY arch/x86/entry/vdso/vdso64/vdso64.so
  VDSO2C  arch/x86/entry/vdso/vdso64/vdso64-image.c
  CC      fs/notify/fanotify/fanotify_user.o
  CC      arch/x86/entry/vdso/vdso64/vdso64-image.o
  AR      drivers/phy/allwinner/built-in.a
  AR      drivers/phy/amlogic/built-in.a
  CC      arch/x86/realmode/rm/video-mode.o
  AR      virt/lib/built-in.a
  AR      drivers/phy/apple/built-in.a
  AR      drivers/phy/broadcom/built-in.a
  AR      virt/built-in.a
  CC      arch/x86/power/hibernate_64.o
  CC      net/core/skbuff.o
  AR      drivers/phy/cadence/built-in.a
  AR      drivers/phy/canaan/built-in.a
  AR      drivers/phy/eswin/built-in.a
  AR      drivers/phy/freescale/built-in.a
  AS      arch/x86/realmode/rm/copy.o
  AR      drivers/phy/hisilicon/built-in.a
  AR      drivers/phy/ingenic/built-in.a
  AR      drivers/phy/intel/built-in.a
  AR      drivers/phy/lantiq/built-in.a
  AS      arch/x86/realmode/rm/bioscall.o
  AR      drivers/phy/marvell/built-in.a
  AR      drivers/phy/mediatek/built-in.a
  AR      drivers/phy/microchip/built-in.a
  CC      arch/x86/realmode/rm/regs.o
  CC      ipc/msg.o
  AR      drivers/phy/motorola/built-in.a
  AR      drivers/phy/mscc/built-in.a
  AR      drivers/phy/nuvoton/built-in.a
  AR      arch/x86/entry/vdso/vdso64/built-in.a
  AR      drivers/phy/qualcomm/built-in.a
  CC      arch/x86/realmode/rm/video-vga.o
  CC      crypto/asymmetric_keys/restrict.o
  POLICY  security/tomoyo/builtin-policy.h
  CC      net/core/datagram.o
  CC      security/tomoyo/condition.o
  LDS     arch/x86/entry/vdso/vdso32/vdso32.lds
  AR      drivers/phy/ralink/built-in.a
  AR      drivers/phy/realtek/built-in.a
  AS      arch/x86/entry/vdso/vdso32/note.o
  CC      arch/x86/pci/mmconfig_64.o
  AR      drivers/phy/renesas/built-in.a
  AR      drivers/phy/rockchip/built-in.a
  CC      security/keys/trusted-keys/trusted_tpm1.o
  AR      drivers/phy/samsung/built-in.a
  CC      arch/x86/entry/vdso/vdso32/vclock_gettime.o
  AR      drivers/phy/socionext/built-in.a
  CC      arch/x86/realmode/rm/video-vesa.o
  CC      arch/x86/entry/vdso/vdso32/vgetcpu.o
  AR      drivers/phy/sophgo/built-in.a
  AR      drivers/phy/spacemit/built-in.a
  AR      drivers/phy/st/built-in.a
  AR      drivers/phy/starfive/built-in.a
  AR      drivers/phy/sunplus/built-in.a
  AR      drivers/phy/tegra/built-in.a
  AS      arch/x86/lib/copy_mc_64.o
  CC      arch/x86/realmode/rm/video-bios.o
  AR      drivers/phy/ti/built-in.a
  CC      kernel/locking/mutex.o
  AR      drivers/phy/xilinx/built-in.a
  CC      drivers/phy/phy-core.o
  AS      arch/x86/lib/copy_page_64.o
  CC      fs/notify/inotify/inotify_user.o
  CC      arch/x86/boot/startup/sev-startup.o
  CC      block/partitions/amiga.o
  CC      arch/x86/xen/mmu.o
  PASYMS  arch/x86/realmode/rm/pasyms.h
  LDS     arch/x86/realmode/rm/realmode.lds
  AR      arch/x86/video/built-in.a
  CC      arch/x86/coco/sev/noinstr.o
  LD      arch/x86/realmode/rm/realmode.elf
  CC      block/partitions/atari.o
  RELOCS  arch/x86/realmode/rm/realmode.relocs
  OBJCOPY arch/x86/realmode/rm/realmode.bin
  AS      arch/x86/realmode/rmpiggy.o
  CC      net/core/stream.o
  AR      arch/x86/realmode/built-in.a
  CC      ipc/sem.o
  GEN     certs/blacklist_hash_list
  CERT    certs/x509_revocation_list
  CERT    certs/x509_certificate_list
  GENKEY  certs/signing_key.pem
..+......+........+...+............+......+....+..+....+..+...+..........+..+....+.........+.....+.......+........+.+......+........+.+........+.......+.....+.+..+...+.........+....+..+.......+.....+...+..................+.+...+...+........+....+++++++++++++++++++++++++++++++++++++++++++++++++++++++++++++++++*...+..+.+...+...........+...+.+.....+.........+...+...+.+.....+....+++++++++++++++++++++++++++++++++++++++++++++++++++++++++++++++++*.+.  AR      lib/math/built-in.a
.  AS      arch/x86/power/hibernate_asm_64.o
.............+  CC      mm/kfence/report.o
..  AR      security/safesetid/built-in.a
.+  AR      lib/crc/tests/built-in.a
......+  CC      lib/crc/crc16.o
...  AS      arch/x86/entry/vsyscall/vsyscall_emu_64.o
+...+.....  CC      arch/x86/power/hibernate.o
.......+..........  CC      arch/x86/mm/pat/set_memory.o
.  CC      crypto/asymmetric_keys/signature.o
.....+..+...................  AR      arch/x86/entry/vsyscall/built-in.a
+...........+....+  CC      security/selinux/hooks.o
...  CC      arch/x86/mm/pat/memtype.o
..+......+.......  CC      arch/x86/events/amd/lbr.o
+  AS      arch/x86/lib/copy_user_64.o
.................+  CC      arch/x86/kernel/fpu/regset.o
......+.......+.....+.+..  AS      arch/x86/entry/vdso/vdso32/system_call.o
...+.+......+..+.....  CC      arch/x86/coco/sev/vc-handle.o
.  CC      arch/x86/pci/direct.o
.......+.........+...........+...+....+...........+......+  AS      arch/x86/entry/vdso/vdso32/sigreturn.o
.+..............+...............+......+....+...+  CC      arch/x86/entry/vdso/vdso32/vfutex.o
...........................+.....+.....  CC      arch/x86/coco/sev/svsm.o
.+...+.........+......+.+..  VDSO    arch/x86/entry/vdso/vdso32/vdso32.so.dbg
.+........  OBJCOPY arch/x86/entry/vdso/vdso32/vdso32.so
...  VDSO2C  arch/x86/entry/vdso/vdso32/vdso32-image.c
....  CC      arch/x86/entry/vdso/vdso32/vdso32-image.o
+  CC      arch/x86/coco/core.o
..+.+...+..  CC      security/keys/trusted-keys/trusted_tpm2.o
.......+++++++++++++++++++++++  CC      block/partitions/aix.o
++  CC      security/smack/smack_access.o
++++++++++++++++++  AS      arch/x86/lib/copy_user_uncached_64.o
++++++++++++++++++++++
....+......+...+.+..+...............+++++++++++++++++++++++++++++++++++++++++++++++++++++++++++++++++*...+..........+.....+...+.........+.+.....+.+.........+......+......+.....+.......+++++++++++++++++++++++++++++++++++++++++++++++++++++++++++++++++*...+  CC      lib/crc/crc-ccitt.o
..+.............+...........+.+  CC      net/802/fddi.o
..  CC      init/initramfs.o
......  AR      fs/notify/inotify/built-in.a
+  AR      arch/x86/entry/vdso/vdso32/built-in.a
  AR      fs/notify/fanotify/built-in.a
.....  CC      fs/notify/fsnotify.o
..  CC      arch/x86/lib/cpu.o
+  AR      arch/x86/boot/startup/lib.a
  CC      arch/x86/entry/vdso/vma.o
.....+...  AR      net/ethernet/built-in.a
.......  AS      arch/x86/entry/entry.o
..+  OBJCOPY arch/x86/boot/startup/gdt_idt.pi.o
......+  OBJCOPY arch/x86/boot/startup/map_kernel.pi.o
  CC      security/apparmor/audit.o
.+  OBJCOPY arch/x86/boot/startup/sme.pi.o
..  AR      arch/x86/power/built-in.a
....+  OBJCOPY arch/x86/boot/startup/sev-startup.pi.o
  GEN     security/apparmor/capability_names.h
  CC      mm/filemap.o
..  AR      arch/x86/boot/startup/built-in.a
...+..  CC      certs/blacklist_hashes.o
.  CC      arch/x86/mm/pat/memtype_interval.o
......+....+.........+..+  AR      mm/kfence/built-in.a
....+.....+  CC      arch/x86/kernel/fpu/signal.o
.+...+  CC      arch/x86/entry/vdso/extable.o
  CC [M]  crypto/async_tx/async_tx.o
.....+.+..+  CC      arch/x86/entry/vdso/vdso32-setup.o
.............+........  CC      crypto/api.o
...+...  CC      security/tomoyo/domain.o
+........  CC      arch/x86/pci/mmconfig-shared.o
.....+............+..+.........  CC      arch/x86/events/amd/ibs.o
+....+..  CC      crypto/asymmetric_keys/public_key.o
....+..............+.+  CC      arch/x86/xen/time.o
..+...+.......+..+............+.+.........+......+  CC      arch/x86/events/amd/iommu.o
...+..........  CC      net/core/scm.o
..........+..........+..+.......+........+....+...............+......+..+...+...+.....................+...............+...+..........+  CC      lib/crc/crc-t10dif-main.o
...+........+.....  AR      drivers/phy/built-in.a
....+...............+  AR      drivers/pinctrl/actions/built-in.a
.......+......  AR      drivers/pinctrl/airoha/built-in.a
....  CC      security/keys/trusted-keys/tpm2key.asn1.o
......  AR      drivers/pinctrl/bcm/built-in.a
........+........  CC      block/partitions/cmdline.o
...+  AR      drivers/pinctrl/cirrus/built-in.a
....+....  AR      drivers/pinctrl/cix/built-in.a
.+......+  AR      security/keys/trusted-keys/built-in.a
..  AR      drivers/pinctrl/freescale/built-in.a
.......+  CC      security/tomoyo/environ.o
..  CC      security/keys/encrypted-keys/encrypted.o
  CC      drivers/pinctrl/intel/pinctrl-baytrail.o
........+.........+..+.+..+...+....+...+  CC      drivers/pinctrl/intel/pinctrl-cherryview.o
...........+..........+..+  CC      security/tomoyo/file.o
...+....+.....+......+.........+.......+...  CC      arch/x86/kernel/cpu/mce/amd.o
.....+..........+...........++++++++++++  CC [M]  crypto/async_tx/async_memcpy.o
++++++++++  AS      lib/crc/x86/crc16-msb-pclmul.o
+++++++++++++++  AR      arch/x86/coco/sev/built-in.a
+++  AR      arch/x86/coco/built-in.a
++  ASN.1   crypto/asymmetric_keys/x509.asn1.[ch]
+  CC      ipc/shm.o
++  AS      arch/x86/lib/csum-copy_64.o
++  CC      arch/x86/kernel/acpi/boot.o
+  CC      arch/x86/events/intel/core.o
+  CC      io_uring/opdef.o
  CC      arch/x86/events/zhaoxin/core.o
+++++++  CC      arch/x86/kernel/fpu/xstate.o
+++  CC      arch/x86/lib/csum-partial_64.o
++++++
  AR      arch/x86/entry/vdso/built-in.a
-----
  AS      arch/x86/entry/entry_64.o
  AS      certs/revocation_certificates.o
  CC      arch/x86/xen/grant-table.o
  CC      security/smack/smackfs.o
  CC      arch/x86/lib/csum-wrappers_64.o
  CERT    certs/signing_key.x509
  AS      certs/system_certificates.o
  CC      arch/x86/pci/xen.o
  CC      kernel/locking/semaphore.o
  AR      certs/built-in.a
  CC      fs/notify/notification.o
  CC      fs/notify/group.o
  CC      security/apparmor/task.o
  HOSTCC  lib/crc/gen_crc32table
  CC      arch/x86/events/intel/bts.o
  ASN.1   crypto/asymmetric_keys/x509_akid.asn1.[ch]
  CC      crypto/asymmetric_keys/x509_loader.o
  CC      block/partitions/mac.o
  CC      arch/x86/events/intel/ds.o
  CC      net/core/gen_stats.o
  CC      net/core/gen_estimator.o
  AS      lib/crc/x86/crc32-pclmul.o
  CC      arch/x86/entry/syscall_64.o
  AS      lib/crc/x86/crc32c-3way.o
  HOSTCC  lib/crc/gen_crc64table
  CC      arch/x86/lib/delay.o
  CC      drivers/pinctrl/intel/pinctrl-intel.o
  CC      init/calibrate.o
  AS      lib/crc/x86/crc64-pclmul.o
  AR      arch/x86/mm/pat/built-in.a
  CC      io_uring/kbuf.o
  AR      net/802/built-in.a
  CC      arch/x86/mm/init.o
  CC      security/tomoyo/gc.o
  GEN     lib/crc/crc32table.h
  GEN     lib/crc/crc64table.h
  CC      lib/crc/crc32-main.o
  CC      crypto/asymmetric_keys/x509_public_key.o
  CC      arch/x86/pci/fixup.o
  CC      security/keys/encrypted-keys/ecryptfs_format.o
  CC      security/keys/encrypted-keys/masterkey_trusted.o
  CC      arch/x86/xen/suspend.o
  AR      arch/x86/events/zhaoxin/built-in.a
  CC      fs/notify/mark.o
  CC      fs/notify/fdinfo.o
  CC      init/init_task.o
  CC [M]  crypto/async_tx/async_xor.o
  CC      security/tomoyo/group.o
  CC      arch/x86/pci/acpi.o
  CC      block/partitions/ldm.o
  CC      block/partitions/msdos.o
  CC      arch/x86/lib/error-inject.o
  AR      arch/x86/events/amd/built-in.a
  CC      kernel/sched/fair.o
  CC      ipc/syscall.o
  CC      kernel/sched/build_policy.o
  CC      io_uring/rsrc.o
  CC      kernel/locking/rwsem.o
  CC      lib/crc/crc64-main.o
  ASN.1   crypto/asymmetric_keys/pkcs7.asn1.[ch]
  CC      crypto/asymmetric_keys/pkcs7_trust.o
  AR      security/keys/encrypted-keys/built-in.a
  CC      security/keys/gc.o
  CC      net/core/net_namespace.o
  CC      arch/x86/entry/common.o
  CC      security/apparmor/ipc.o
  CC      arch/x86/xen/enlighten_hvm.o
  CC      arch/x86/kernel/acpi/sleep.o
  AR      arch/x86/kernel/fpu/built-in.a
  CC      arch/x86/pci/legacy.o
  CC      security/apparmor/lib.o
  CC      security/apparmor/match.o
  CC      arch/x86/kernel/apic/apic.o
  CC      arch/x86/kernel/apic/apic_common.o
  AS      arch/x86/lib/getuser.o
  CC      arch/x86/kernel/apic/apic_noop.o
  CC      arch/x86/kernel/cpu/mce/threshold.o
  CC      security/smack/smack_netfilter.o
  CC      arch/x86/pci/irq.o
  CC      security/tomoyo/load_policy.o
  CC      ipc/ipc_sysctl.o
  CC      security/tomoyo/memory.o
  CC      crypto/asymmetric_keys/pkcs7_verify.o
  CC      block/partitions/osf.o
  CC      security/selinux/selinuxfs.o
  CC      block/partitions/sgi.o
  GEN     arch/x86/lib/inat-tables.c
  CC [M]  crypto/async_tx/async_pq.o
  CC      init/version.o
  CC      block/partitions/sun.o
  CC      security/selinux/netlink.o
  CC      arch/x86/lib/insn-eval.o
  CC      security/keys/key.o
  CC      arch/x86/pci/numachip.o
  AR      drivers/pinctrl/intel/built-in.a
  AS      arch/x86/kernel/acpi/wakeup_64.o
  AR      fs/notify/built-in.a
  AR      drivers/pinctrl/mediatek/built-in.a
  CC      fs/crypto/crypto.o
  AR      drivers/pinctrl/microchip/built-in.a
  AR      drivers/pinctrl/mvebu/built-in.a
  AR      lib/crc/built-in.a
  AR      drivers/pinctrl/nomadik/built-in.a
  CC      arch/x86/kernel/acpi/apei.o
  AR      drivers/pinctrl/nuvoton/built-in.a
  CC      lib/crypto/mpi/generic_mpih-lshift.o
  AR      drivers/pinctrl/nxp/built-in.a
  AR      drivers/pinctrl/qcom/built-in.a
  AR      drivers/pinctrl/sophgo/built-in.a
  AR      drivers/pinctrl/spacemit/built-in.a
  CC      lib/crypto/hash_info.o
  AR      drivers/pinctrl/sprd/built-in.a
  AR      drivers/pinctrl/starfive/built-in.a
  AR      drivers/pinctrl/sunplus/built-in.a
  AR      drivers/pinctrl/tegra/built-in.a
  AR      drivers/pinctrl/ti/built-in.a
  CC      drivers/pinctrl/core.o
  CC      arch/x86/mm/init_64.o
  CC      ipc/mqueue.o
  CC      security/apparmor/path.o
  CC      arch/x86/kernel/cpu/mce/apei.o
  CC      arch/x86/kernel/apic/ipi.o
  CC      block/partitions/ultrix.o
  CC      io_uring/notif.o
  CC      arch/x86/pci/common.o
  CC      kernel/locking/percpu-rwsem.o
  CC      kernel/locking/spinlock.o
  CC      arch/x86/kernel/acpi/cppc.o
  CC [M]  crypto/async_tx/async_raid6_recov.o
  CC      lib/crypto/mpi/generic_mpih-mul1.o
  CC      security/tomoyo/mount.o
  CC      block/partitions/efi.o
  CC      crypto/asymmetric_keys/verify_pefile.o
  CC      arch/x86/events/intel/knc.o
  AS      arch/x86/entry/thunk.o
  AR      security/smack/built-in.a
  CC      kernel/sched/build_utility.o
  CC      fs/crypto/fname.o
  CC      arch/x86/lib/insn.o
  CC      arch/x86/events/intel/lbr.o
  CC      security/tomoyo/network.o
  AR      init/built-in.a
  CC      mm/mempool.o
  CC      fs/verity/enable.o
  CC      arch/x86/xen/mmu_hvm.o
  CC      arch/x86/xen/suspend_hvm.o
  CC      net/sched/sch_generic.o
  CC      net/netlink/af_netlink.o
  CC      arch/x86/lib/kaslr.o
  CC      lib/crypto/mpi/generic_mpih-mul2.o
  CC      block/partitions/karma.o
  AS      arch/x86/entry/entry_64_fred.o
  CC      net/bpf/test_run.o
  CC      arch/x86/kernel/acpi/madt_wakeup.o
  CC      arch/x86/pci/early.o
  CC      arch/x86/entry/entry_fred.o
  AS      arch/x86/kernel/acpi/madt_playdead.o
  CC      security/bpf/hooks.o
  ASN.1   crypto/asymmetric_keys/mscode.asn1.[ch]
  CC      arch/x86/kernel/acpi/cstate.o
  CC      crypto/asymmetric_keys/x509.asn1.o
  AS      arch/x86/lib/memcpy_64.o
  CC      crypto/asymmetric_keys/x509_akid.asn1.o
  CC      net/core/secure_seq.o
  CC      arch/x86/kernel/cpu/mce/dev-mcelog.o
  CC      net/bpf/bpf_dummy_struct_ops.o
  CC      crypto/asymmetric_keys/x509_cert_parser.o
  CC      crypto/asymmetric_keys/pkcs7.asn1.o
  CC      security/apparmor/domain.o
  CC      net/ethtool/ioctl.o
  CC      security/selinux/nlmsgtab.o
  CC      io_uring/tctx.o
  CC      net/netfilter/core.o
  CC      kernel/locking/osq_lock.o
  CC      lib/crypto/mpi/generic_mpih-mul3.o
  CC      arch/x86/kernel/apic/vector.o
  CC      net/netfilter/nf_log.o
  CC      security/keys/keyring.o
  CC      security/keys/keyctl.o
  CC      arch/x86/kernel/apic/init.o
  CC      arch/x86/xen/platform-pci-unplug.o
  CC      drivers/pinctrl/pinctrl-utils.o
  AS      arch/x86/lib/memmove_64.o
  CC      arch/x86/pci/bus_numa.o
  CC      block/partitions/sysv68.o
  CC      ipc/namespace.o
  CC      kernel/locking/qspinlock.o
  AS      arch/x86/lib/memset_64.o
  CC      arch/x86/lib/misc.o
  AS      arch/x86/entry/entry_64_compat.o
  CC      arch/x86/lib/pc-conf-reg.o
  CC      crypto/asymmetric_keys/pkcs7_parser.o
  CC      fs/crypto/hkdf.o
  CC      arch/x86/entry/syscall_32.o
  CC      security/tomoyo/realpath.o
  CC      fs/verity/hash_algs.o
  CC      lib/crypto/mpi/generic_mpih-rshift.o
  CC      mm/oom_kill.o
  CC      lib/crypto/mpi/generic_mpih-sub1.o
  CC      lib/crypto/mpi/generic_mpih-add1.o
  AR      security/bpf/built-in.a
  CC      mm/fadvise.o
  CC      crypto/asymmetric_keys/mscode_parser.o
  AS      arch/x86/lib/putuser.o
  AR      arch/x86/kernel/acpi/built-in.a
  CC      io_uring/filetable.o
  AR      net/ipv4/netfilter/built-in.a
  CC      net/ipv4/route.o
  CC      arch/x86/pci/amd_bus.o
  CC      security/selinux/netif.o
  CC      net/unix/af_unix.o
  AR      block/partitions/built-in.a
  CC      block/bdev.o
  AR      arch/x86/kernel/cpu/mce/built-in.a
  CC      ipc/mq_sysctl.o
  CC      arch/x86/kernel/cpu/mtrr/mtrr.o
  CC      arch/x86/mm/fault.o
  CC      fs/crypto/hooks.o
  CC      kernel/locking/rtmutex_api.o
  CC      arch/x86/events/intel/p4.o
  CC      kernel/locking/qrwlock.o
  CC      lib/crypto/mpi/mpicoder.o
  CC      drivers/pinctrl/pinmux.o
  AS      arch/x86/lib/retpoline.o
  CC      fs/verity/init.o
  CC      arch/x86/kernel/cpu/mtrr/if.o
  CC      arch/x86/lib/usercopy.o
  CC      arch/x86/lib/usercopy_64.o
  AR      ipc/built-in.a
  CC      net/unix/garbage.o
  CC      arch/x86/xen/setup.o
  CC      crypto/asymmetric_keys/mscode.asn1.o
  AR      crypto/asymmetric_keys/built-in.a
  CC      crypto/cipher.o
  AR      arch/x86/pci/built-in.a
  CC      security/tomoyo/securityfs_if.o
  CC      crypto/algapi.o
  CC      drivers/pinctrl/pinconf.o
  CC      io_uring/rw.o
  CC      security/tomoyo/tomoyo.o
  AR      arch/x86/entry/built-in.a
  CC      fs/crypto/keyring.o
  CC      arch/x86/kernel/cpu/mtrr/generic.o
  CC      block/fops.o
  CC      security/keys/permission.o
  CC      net/core/flow_dissector.o
  CC      security/keys/process_keys.o
  CC      drivers/pinctrl/pinconf-generic.o
  CC      security/selinux/netnode.o
  CC      drivers/pinctrl/pinctrl-amd.o
  CC      arch/x86/events/intel/p6.o
  CC      block/bio.o
  CC      security/apparmor/policy.o
  CC      fs/verity/measure.o
  CC      security/selinux/netport.o
  CC      net/core/sysctl_net_core.o
  CC      arch/x86/kernel/apic/hw_nmi.o
  CC      net/netfilter/nf_queue.o
  CC      net/core/dev.o
  CC      lib/crypto/mpi/mpi-add.o
  CC      arch/x86/lib/msr-smp.o
  CC      arch/x86/mm/ioremap.o
  CC      net/unix/sysctl_net_unix.o
  CC      net/sched/sch_mq.o
  AR      kernel/locking/built-in.a
  CC      kernel/power/qos.o
  CC      drivers/pinctrl/pinctrl-sx150x.o
  CC      arch/x86/xen/apic.o
  CC      security/selinux/status.o
  AR      net/bpf/built-in.a
  CC      security/selinux/initcalls.o
  CC      security/selinux/ss/ebitmap.o
  CC      net/netlink/genetlink.o
  CC      io_uring/poll.o
  CC      security/tomoyo/util.o
  CC      arch/x86/lib/cache-smp.o
  CC      net/netlink/policy.o
  CC      arch/x86/kernel/cpu/mtrr/cleanup.o
  CC      arch/x86/kernel/apic/io_apic.o
  CC      lib/crypto/mpi/mpi-bit.o
  CC      lib/crypto/mpi/mpi-cmp.o
  CC      arch/x86/events/intel/pt.o
  CC      lib/crypto/memneq.o
  CC      mm/maccess.o
  CC      security/selinux/ss/hashtab.o
  CC      arch/x86/lib/msr.o
  CC      fs/crypto/keysetup.o
  CC      fs/crypto/keysetup_v1.o
  CC      arch/x86/xen/pmu.o
  CC      net/unix/unix_bpf.o
  CC      net/ethtool/common.o
  CC      security/keys/request_key.o
  CC      arch/x86/mm/extable.o
  CC      arch/x86/mm/mmap.o
  CC      crypto/scatterwalk.o
  CC      net/sched/sch_frag.o
  AR      drivers/pinctrl/built-in.a
  CC      drivers/gpio/gpiolib.o
  CC      fs/verity/open.o
  CC      fs/verity/pagecache.o
  CC      drivers/gpio/gpiolib-devres.o
  AR      arch/x86/kernel/cpu/mtrr/built-in.a
  CC      arch/x86/kernel/cpu/microcode/core.o
  CC      arch/x86/kernel/cpu/microcode/intel.o
  CC      security/selinux/ss/symtab.o
  CC      security/selinux/ss/sidtab.o
  CC      lib/crypto/utils.o
  CC      lib/crypto/mpi/mpi-sub-ui.o
  CC      fs/verity/read_metadata.o
  CC      security/tomoyo/common.o
  AR      lib/tests/built-in.a
  CC      fs/verity/verify.o
  CC      security/apparmor/policy_unpack.o
  CC      security/apparmor/procattr.o
  CC      security/selinux/ss/avtab.o
  CC      security/selinux/ss/policydb.o
  CC      kernel/power/main.o
  CC      arch/x86/mm/pgtable.o
  CC      arch/x86/xen/suspend_pv.o
  CC      arch/x86/mm/physaddr.o
  CC      io_uring/tw.o
  CC      mm/page-writeback.o
  CC      arch/x86/mm/tlb.o
  CC      net/netfilter/nf_sockopt.o
  CC      crypto/proc.o
  CC      block/elevator.o
  CC      net/ipv4/inetpeer.o
  CC      fs/crypto/policy.o
  AR      net/unix/built-in.a
  CC      arch/x86/kernel/apic/msi.o
  CC      arch/x86/kernel/apic/apic_numachip.o
  AS      arch/x86/lib/msr-reg.o
  CC      arch/x86/lib/msr-reg-export.o
  AS      arch/x86/lib/hweight.o
  CC      security/keys/request_key_auth.o
  CC      arch/x86/events/core.o
  CC      lib/crypto/aes.o
  CC      arch/x86/kernel/cpu/microcode/amd.o
  CC      lib/crypto/mpi/mpi-div.o
  CC      arch/x86/xen/p2m.o
  CC      lib/crypto/mpi/mpi-mod.o
  CC      crypto/aead.o
  CC      security/keys/user_defined.o
  AR      net/netlink/built-in.a
  CC      arch/x86/events/intel/uncore.o
  AS      lib/crypto/x86/aes-aesni.o
  CC      crypto/geniv.o
  CC      arch/x86/mm/cpu_entry_area.o
  CC      lib/crypto/aesgcm.o
  CC      arch/x86/lib/iomem.o
  CC      drivers/pwm/core.o
  CC      security/selinux/ss/services.o
  CC      security/selinux/ss/conditional.o
  CC      security/selinux/ss/mls.o
  CC      io_uring/wait.o
  CC      net/sched/sch_api.o
  CC      security/apparmor/lsm.o
  CC      arch/x86/mm/maccess.o
  CC      net/ethtool/netlink.o
  CC      kernel/power/console.o
  CC      net/sched/sch_blackhole.o
  CC      fs/verity/signature.o
  CC      fs/crypto/bio.o
  CC      lib/crypto/mpi/mpi-mul.o
  CC      net/ipv4/protocol.o
  CC      arch/x86/mm/pgprot.o
  CC      arch/x86/kernel/apic/x2apic_uv_x.o
  CC      arch/x86/kernel/apic/x2apic_phys.o
  AR      kernel/sched/built-in.a
  CC      kernel/printk/printk.o
  CC      lib/crypto/blake2s.o
  AR      arch/x86/kernel/cpu/microcode/built-in.a
  CC      arch/x86/kernel/cpu/resctrl/core.o
  CC      crypto/lskcipher.o
  CC      arch/x86/kernel/cpu/resctrl/rdtgroup.o
  CC      arch/x86/xen/enlighten_pv.o
  CC      security/keys/compat.o
  CC      arch/x86/lib/inat.o
  CC      arch/x86/kernel/cpu/resctrl/monitor.o
  AR      security/tomoyo/built-in.a
  CC      crypto/skcipher.o
  CC      block/blk-core.o
  CC      net/netfilter/utils.o
  AR      fs/verity/built-in.a
  CC      net/netfilter/nf_bpf_link.o
  CC      net/netfilter/nf_hooks_lwtunnel.o
  AR      arch/x86/lib/built-in.a
  CC      arch/x86/kernel/kprobes/core.o
  AR      arch/x86/lib/lib.a
  CC      arch/x86/kernel/kprobes/opt.o
  CC      net/sched/cls_api.o
  CC      security/selinux/ss/context.o
  CC      security/selinux/netlabel.o
  CC      arch/x86/kernel/apic/x2apic_cluster.o
  CC      lib/crypto/mpi/mpih-cmp.o
  CC      arch/x86/kernel/apic/apic_flat_64.o
  CC      security/selinux/ibpkey.o
  CC      arch/x86/mm/hugetlbpage.o
  CC      crypto/bpf_crypto_skcipher.o
  CC      io_uring/eventfd.o
  CC      kernel/power/process.o
  CC      arch/x86/events/intel/uncore_nhmex.o
  CC      kernel/power/suspend.o
  CC      arch/x86/kernel/cpu/resctrl/ctrlmondata.o
  CC      fs/crypto/inline_crypt.o
  CC      security/keys/compat_dh.o
  CC [M]  net/netfilter/x_tables.o
  CC      mm/folio-compat.o
  CC      arch/x86/kernel/apic/probe_64.o
  CC      arch/x86/kernel/cpu/resctrl/pseudo_lock.o
  CC      lib/crypto/mpi/mpih-div.o
  AR      arch/x86/crypto/built-in.a
  AS [M]  arch/x86/crypto/aesni-intel_asm.o
  CC      arch/x86/ia32/audit.o
  CC [M]  net/netfilter/xt_tcpudp.o
  CC [M]  arch/x86/crypto/aesni-intel_glue.o
  CC      drivers/gpio/gpiolib-legacy.o
  CC      arch/x86/kernel/kprobes/ftrace.o
  AR      arch/x86/ia32/built-in.a
  GEN     security/apparmor/rlim_names.h
  CC      arch/x86/events/probe.o
  CC      security/apparmor/secid.o
  CC      security/selinux/ima.o
  CC      arch/x86/mm/dump_pagetables.o
  CC      net/ipv4/ip_input.o
  CC      io_uring/uring_cmd.o
  CC      security/keys/proc.o
  CC      io_uring/openclose.o
  CC      security/keys/sysctl.o
  CC      net/ethtool/bitset.o
  CC      security/keys/persistent.o
  CC      lib/vdso/datastore.o
  CC      fs/nfs_common/common.o
  CC      block/blk-sysfs.o
  CC      arch/x86/kernel/cpu/sgx/driver.o
  CC      drivers/pwm/pwm-crc.o
  CC      arch/x86/kernel/cpu/sgx/encl.o
  AS [M]  arch/x86/crypto/aes-ctr-avx-x86_64.o
  CC      arch/x86/xen/mmu_pv.o
  CC      arch/x86/kernel/cpu/sgx/ioctl.o
  AR      arch/x86/kernel/kprobes/built-in.a
  CC      arch/x86/events/intel/uncore_snb.o
  CC      arch/x86/xen/irq.o
  AR      arch/x86/kernel/apic/built-in.a
  AS      arch/x86/kernel/head_64.o
  CC      lib/crypto/mpi/mpih-mul.o
  CC      crypto/seqiv.o
  AS [M]  arch/x86/crypto/aes-gcm-aesni-x86_64.o
  AS [M]  arch/x86/crypto/aes-gcm-vaes-avx2.o
  CC      security/keys/dh.o
  CC      security/keys/keyctl_pkey.o
  CC      arch/x86/xen/multicalls.o
  AS      arch/x86/xen/xen-asm.o
  CC      arch/x86/xen/enlighten_pvh.o
  CC      block/blk-flush.o
  CC      arch/x86/kernel/head64.o
  CC      arch/x86/mm/kmmio.o
  AR      fs/crypto/built-in.a
  CC      drivers/pwm/pwm-lpss.o
  AR      arch/x86/kernel/cpu/resctrl/built-in.a
  AR      lib/vdso/built-in.a
  CC      mm/readahead.o
  CC      drivers/leds/trigger/ledtrig-disk.o
  CC      drivers/pci/msi/pcidev_msi.o
  AR      security/selinux/built-in.a
  CC      drivers/leds/trigger/ledtrig-cpu.o
  CC      drivers/pci/pcie/portdrv.o
  CC      drivers/gpio/gpiolib-cdev.o
  CC      drivers/leds/trigger/ledtrig-panic.o
  CC      drivers/gpio/gpiolib-sysfs.o
  CC      drivers/gpio/gpiolib-acpi-core.o
  CC      drivers/gpio/gpiolib-acpi-quirks.o
  CC      security/apparmor/file.o
  AR      net/netfilter/built-in.a
  CC      security/apparmor/policy_ns.o
  CC      kernel/printk/printk_safe.o
  CC      arch/x86/kernel/cpu/sgx/main.o
  CC      kernel/power/hibernate.o
  AS [M]  arch/x86/crypto/aes-gcm-vaes-avx512.o
  CC      crypto/ahash.o
  CC      crypto/shash.o
  CC      lib/crypto/mpi/mpi-pow.o
  AS [M]  arch/x86/crypto/aes-xts-avx-x86_64.o
  CC      net/ethtool/strset.o
  CC      net/ethtool/linkinfo.o
  AR      security/keys/built-in.a
  CC      net/ethtool/linkmodes.o
  LD [M]  arch/x86/crypto/aesni-intel.o
  AR      arch/x86/platform/atom/built-in.a
  AR      arch/x86/platform/ce4100/built-in.a
  CC      arch/x86/platform/efi/memmap.o
  CC [M]  fs/nfs_common/nfsacl.o
  CC      drivers/pci/msi/api.o
  CC      arch/x86/kernel/ebda.o
  CC      net/sched/act_api.o
  CC      arch/x86/events/intel/uncore_snbep.o
  CC      arch/x86/mm/pf_in.o
  CC      arch/x86/mm/mmio-mod.o
  CC      io_uring/sqpoll.o
  CC      net/sched/sch_fifo.o
  CC      net/sched/ematch.o
  CC      arch/x86/mm/numa.o
  CC      arch/x86/kernel/platform-quirks.o
  CC      drivers/pwm/pwm-lpss-pci.o
  CC      block/blk-settings.o
  AR      drivers/leds/trigger/built-in.a
  AR      drivers/leds/blink/built-in.a
  CC      drivers/pwm/pwm-lpss-platform.o
  AR      drivers/leds/simatic/built-in.a
  CC      drivers/leds/led-core.o
  CC      net/core/dev_api.o
  CC      mm/swap.o
  CC      drivers/pci/msi/msi.o
  CC      arch/x86/mm/amdtopology.o
  CC      arch/x86/platform/efi/quirks.o
  CC      drivers/pci/pcie/rcec.o
  CC      kernel/printk/nbcon.o
  CC      drivers/pci/pcie/bwctrl.o
  CC      kernel/printk/printk_ringbuffer.o
  CC      arch/x86/platform/efi/efi.o
  CC      lib/crypto/mpi/mpiutil.o
  CC      arch/x86/kernel/process_64.o
  CC      security/apparmor/label.o
  CC      crypto/akcipher.o
  CC      net/ethtool/rss.o
  CC      mm/truncate.o
  CC [M]  net/sched/sch_fq_codel.o
  CC      drivers/gpio/gpiolib-swnode.o
  CC [M]  fs/nfs_common/grace.o
  AR      drivers/pwm/built-in.a
  CC      net/ipv4/ip_fragment.o
  AR      drivers/rapidio/switches/built-in.a
  AR      net/ipv6/netfilter/built-in.a
  CC      net/ipv6/af_inet6.o
  AR      drivers/rapidio/devices/built-in.a
  CC      drivers/rapidio/rio.o
  CC      net/ipv6/anycast.o
  CC      net/ipv6/ip6_output.o
  CC      drivers/rapidio/rio-access.o
  CC      drivers/pci/msi/irqdomain.o
  CC      mm/vmscan.o
  CC      arch/x86/kernel/cpu/cacheinfo.o
  AS      lib/crypto/x86/blake2s-core.o
  CC      drivers/pci/pcie/aspm.o
  CC      drivers/pci/pcie/aer.o
  CC      arch/x86/kernel/cpu/sgx/virt.o
  CC      io_uring/xattr.o
  AR      arch/x86/platform/geode/built-in.a
  CC      block/blk-ioc.o
  CC      drivers/gpio/gpio-crystalcove.o
  CC      drivers/leds/led-class.o
  CC      kernel/power/snapshot.o
  CC      arch/x86/platform/efi/efi_64.o
  CC      arch/x86/mm/srat.o
  CC      arch/x86/xen/trace.o
  CC      drivers/rapidio/rio-driver.o
  AR      drivers/pci/pwrctrl/built-in.a
  CC      drivers/rapidio/rio-sysfs.o
  CC      drivers/pci/hotplug/pci_hotplug_core.o
  CC      arch/x86/events/intel/uncore_discovery.o
  AR      lib/crypto/mpi/built-in.a
  AR      drivers/pci/endpoint/functions/built-in.a
  CC      lib/crypto/chacha-block-generic.o
  CC      drivers/pci/endpoint/pci-ep-cfs.o
  CC      kernel/printk/sysctl.o
  CC      lib/crypto/gf128hash.o
  LD [M]  fs/nfs_common/nfs_acl.o
  CC      arch/x86/events/utils.o
  CC      arch/x86/mm/pkeys.o
  CC      net/core/dev_addr_lists.o
  AR      fs/nfs_common/built-in.a
  CC      drivers/gpio/gpio-palmas.o
  AS      arch/x86/platform/efi/efi_stub_64.o
  CC      net/ethtool/linkstate.o
  CC      fs/iomap/trace.o
  CC      net/ipv4/ip_forward.o
  CC      arch/x86/kernel/cpu/scattered.o
  CC      arch/x86/events/msr.o
  AR      kernel/printk/built-in.a
  CC      security/landlock/setup.o
  CC      drivers/pci/endpoint/pci-epc-core.o
  CC      io_uring/nop.o
  CC      block/blk-map.o
  CC      net/ipv6/ip6_input.o
  CC      crypto/sig.o
  CC      crypto/kpp.o
  AR      drivers/pci/msi/built-in.a
  CC      crypto/dh.o
  CC      block/blk-merge.o
  AR      net/sched/built-in.a
  CC      arch/x86/kernel/cpu/topology_common.o
  CC      net/ipv6/addrconf.o
  CC      drivers/leds/led-triggers.o
  CC      arch/x86/kernel/cpu/topology_ext.o
  CC      arch/x86/mm/kaslr.o
  CC      crypto/dh_helper.o
  AS      arch/x86/platform/efi/efi_thunk_64.o
  CC      kernel/power/swap.o
  CC [M]  arch/x86/events/intel/cstate.o
  CC      arch/x86/platform/efi/runtime-map.o
  CC [M]  arch/x86/events/rapl.o
  CC      block/blk-timeout.o
  AR      drivers/rapidio/built-in.a
  CC      drivers/gpio/gpio-rc5t583.o
  CC      security/apparmor/mount.o
  CC      drivers/video/console/dummycon.o
  CC      io_uring/fs.o
  CC      drivers/video/console/vgacon.o
  AR      arch/x86/kernel/cpu/sgx/built-in.a
  CC      security/landlock/syscalls.o
  CC      kernel/power/user.o
  CC      drivers/video/backlight/backlight.o
  AS      lib/crypto/x86/ghash-pclmul.o
  AS      lib/crypto/x86/polyval-pclmul-avx.o
  CC      drivers/video/aperture.o
  CC      drivers/pci/pcie/err.o
  CC      drivers/video/fbdev/core/fb_notify.o
  CC      lib/crypto/md5.o
  CC      drivers/video/fbdev/core/fb_info.o
  CC      drivers/pci/hotplug/cpci_hotplug_core.o
  CC      net/ethtool/debug.o
  CC      drivers/gpio/gpio-tps6586x.o
  CC      drivers/pci/endpoint/pci-epf-core.o
  CC      arch/x86/xen/smp.o
  CC      arch/x86/mm/pti.o
  CC      net/ipv4/ip_options.o
  CC      net/ethtool/wol.o
  CC      fs/iomap/iter.o
  CC      fs/quota/dquot.o
  CC      fs/quota/quota.o
  AR      arch/x86/platform/efi/built-in.a
  AR      arch/x86/platform/iris/built-in.a
  CC      arch/x86/platform/intel/iosf_mbi.o
  CC      arch/x86/kernel/cpu/topology_amd.o
  CC      block/blk-lib.o
  CC      drivers/idle/intel_idle.o
  AR      arch/x86/events/intel/built-in.a
  LD [M]  arch/x86/events/intel/intel-cstate.o
  CC      block/blk-mq.o
  CC      drivers/gpio/gpio-tps65910.o
  CC      io_uring/splice.o
  AR      arch/x86/events/built-in.a
  ASN.1   crypto/rsapubkey.asn1.[ch]
  CC      drivers/video/fbdev/core/fbmem.o
  CC      drivers/video/fbdev/core/fbcmap.o
  AR      drivers/leds/built-in.a
  CC      io_uring/sync.o
  CC      fs/quota/kqid.o
  CC      drivers/pci/pcie/tlp.o
  ASN.1   crypto/rsaprivkey.asn1.[ch]
  CC      crypto/rsa.o
  CC      drivers/video/fbdev/core/modedb.o
  CC      drivers/video/fbdev/core/fbcvt.o
  CC      arch/x86/xen/smp_pv.o
  CC      kernel/power/wakelock.o
  CC      net/core/dst.o
  AR      drivers/video/backlight/built-in.a
  CC      arch/x86/mm/mem_encrypt.o
  CC      drivers/pci/hotplug/cpci_hotplug_pci.o
  CC      drivers/pci/hotplug/acpi_pcihp.o
  CC      fs/iomap/buffered-io.o
  CC      arch/x86/kernel/cpu/cpuid_parser.o
  CC      security/landlock/object.o
  CC      lib/crypto/sha1.o
  GEN     security/apparmor/net_names.h
  GEN     security/apparmor/net_names.h
  CC      security/apparmor/policy_compat.o
  CC      arch/x86/net/bpf_jit_comp.o
  CC      net/ethtool/features.o
  CC      drivers/pci/pcie/pme.o
  CC      arch/x86/kernel/cpu/common.o
  AR      drivers/gpio/built-in.a
  CC      crypto/rsa_helper.o
  CC      arch/x86/kernel/cpu/rdrand.o
  AS      arch/x86/net/bpf_timed_may_goto.o
  CC      drivers/video/screen_info_generic.o
  CC      io_uring/msg_ring.o
  CC      io_uring/advise.o
  CC      io_uring/statx.o
  CC      drivers/video/fbdev/core/fb_cmdline.o
  CC      drivers/video/fbdev/core/fb_backlight.o
  CC      security/landlock/ruleset.o
  CC      net/ethtool/privflags.o
  AR      drivers/video/console/built-in.a
  CC      drivers/pci/endpoint/pci-epc-mem.o
  CC      fs/quota/netlink.o
  CC      arch/x86/purgatory/purgatory.o
  CC      arch/x86/virt/svm/cmdline.o
  AS      arch/x86/purgatory/stack.o
  AR      arch/x86/virt/vmx/built-in.a
  CC      crypto/rsa-pkcs1pad.o
  CC      arch/x86/mm/mem_encrypt_amd.o
  AS      arch/x86/purgatory/setup-x86_64.o
  AS      arch/x86/mm/mem_encrypt_boot.o
  CC      arch/x86/purgatory/sha256.o
  CC      net/ipv6/addrlabel.o
  CC      arch/x86/xen/smp_hvm.o
  CC      net/ipv4/ip_output.o
  CC      kernel/power/poweroff.o
  CC      crypto/rsassa-pkcs1.o
  AR      arch/x86/platform/intel/built-in.a
  AR      arch/x86/platform/intel-mid/built-in.a
  AR      arch/x86/virt/svm/built-in.a
  CC      arch/x86/virt/hw.o
  AR      arch/x86/platform/intel-quark/built-in.a
  AR      arch/x86/platform/olpc/built-in.a
  CC      crypto/acompress.o
  AR      arch/x86/platform/scx200/built-in.a
  AR      arch/x86/platform/ts5500/built-in.a
  CC      arch/x86/platform/uv/bios_uv.o
  AR      drivers/idle/built-in.a
  CC      net/packet/af_packet.o
  CC      kernel/power/energy_model.o
  CC      fs/proc/task_mmu.o
  CC      security/integrity/ima/ima_fs.o
  CC      fs/proc/inode.o
  CC      drivers/pci/pcie/dpc.o
  CC      net/ethtool/rings.o
arch/x86/net/bpf_jit_comp.c:1765:12: warning: ‘emit_fpu_end’ defined but not used [-Wunused-function]
 1765 | static u8 *emit_fpu_end(u8 *prog)
      |            ^~~~~~~~~~~~
arch/x86/net/bpf_jit_comp.c:1755:13: warning: ‘emit_fpu_begin’ defined but not used [-Wunused-function]
 1755 | static u8 * emit_fpu_begin(u8 *prog)
      |             ^~~~~~~~~~~~~~
  CC      drivers/video/fbdev/core/fbmon.o
  CC      net/core/netevent.o
  CC      fs/kernfs/mount.o
  AS      arch/x86/purgatory/entry64.o
  CC      io_uring/timeout.o
  AS      lib/crypto/x86/sha1-ssse3-and-avx.o
  CC      arch/x86/purgatory/string.o
  CC      drivers/pci/hotplug/pciehp_core.o
  CC      fs/kernfs/inode.o
  CC      io_uring/cancel.o
  AS      lib/crypto/x86/sha1-avx2-asm.o
  CC      arch/x86/xen/spinlock.o
  AS      lib/crypto/x86/sha1-ni-asm.o
  CC      drivers/video/fbdev/core/fb_defio.o
  CC      fs/kernfs/dir.o
  CC      security/apparmor/af_unix.o
  LD      arch/x86/purgatory/purgatory.ro
  CC      net/ipv6/route.o
  CC      lib/crypto/sha256.o
  LD      arch/x86/purgatory/purgatory.chk
  AS      arch/x86/purgatory/kexec-purgatory.o
  CC      net/ethtool/channels.o
  AR      arch/x86/purgatory/built-in.a
  CC      arch/x86/xen/vga.o
  CC      mm/shrinker.o
  AR      drivers/pci/endpoint/built-in.a
  CC      arch/x86/platform/uv/uv_irq.o
  CC      drivers/video/fbdev/core/fb_chrdev.o
  CC      security/landlock/cred.o
  CC      drivers/pci/pcie/ptm.o
  CC      fs/proc/root.o
  CC      fs/proc/base.o
  AR      arch/x86/mm/built-in.a
  CC      fs/proc/generic.o
  AR      arch/x86/virt/built-in.a
  CC      fs/sysfs/file.o
  CC      fs/kernfs/file.o
  AR      fs/quota/built-in.a
  CC      fs/sysfs/dir.o
  CC      fs/kernfs/symlink.o
  CC      drivers/pci/hotplug/pciehp_ctrl.o
  CC      net/ipv4/ip_sockglue.o
  CC      security/integrity/ima/ima_queue.o
  CC      net/ipv4/inet_hashtables.o
  CC      arch/x86/xen/efi.o
  CC      net/ipv4/inet_timewait_sock.o
  CC      net/ethtool/coalesce.o
  CC      net/ipv6/ip6_fib.o
  CC      io_uring/waitid.o
  CC      drivers/video/fbdev/core/fb_procfs.o
  CC      kernel/power/em_netlink_autogen.o
  CC      net/ethtool/pause.o
  CC      net/ethtool/eee.o
  CC      crypto/scompress.o
  CC      fs/iomap/direct-io.o
  CC      security/landlock/task.o
  AS      lib/crypto/x86/sha256-ssse3-asm.o
  CC      drivers/pci/controller/dwc/pcie-designware.o
  AS      lib/crypto/x86/sha256-avx-asm.o
  CC      net/core/neighbour.o
  AS      lib/crypto/x86/sha256-avx2-asm.o
  CC      drivers/pci/controller/dwc/pcie-designware-host.o
  AR      arch/x86/xen/built-in.a
  CC      drivers/pci/controller/dwc/pcie-designware-ep.o
  AS      lib/crypto/x86/sha256-ni-asm.o
  CC      net/ipv4/inet_connection_sock.o
  CC      lib/crypto/sha512.o
  AR      drivers/video/fbdev/omap/built-in.a
  CC      arch/x86/kernel/cpu/match.o
  CC      arch/x86/platform/uv/uv_time.o
  CC      fs/configfs/inode.o
  CC      drivers/pci/hotplug/pciehp_pci.o
  CC      fs/configfs/file.o
  CC      security/apparmor/crypto.o
  CC      security/integrity/ima/ima_init.o
  CC      drivers/video/fbdev/core/fbsysfs.o
  CC      kernel/power/em_netlink.o
  CC      io_uring/register.o
  CC      fs/sysfs/symlink.o
  CC      io_uring/truncate.o
  CC      drivers/pci/pcie/edr.o
  AR      arch/x86/net/built-in.a
  CC      io_uring/memmap.o
  CC      io_uring/alloc_cache.o
  CC      net/ethtool/tsinfo.o
  CC      mm/shmem.o
  CC      crypto/algboss.o
  CC      io_uring/query.o
  AR      drivers/pci/switch/built-in.a
  CC      io_uring/loop.o
  CC      drivers/pci/access.o
  CC      block/blk-mq-tag.o
  CC      drivers/pci/bus.o
  AR      fs/kernfs/built-in.a
  CC      drivers/pci/hotplug/pciehp_hpc.o
  CC      crypto/testmgr.o
  CC      fs/configfs/dir.o
  CC      arch/x86/platform/uv/uv_nmi.o
  AS      lib/crypto/x86/sha512-ssse3-asm.o
  CC      arch/x86/kernel/cpu/bugs.o
  CC      security/integrity/ima/ima_main.o
  AR      drivers/video/fbdev/omap2/omapfb/dss/built-in.a
  CC      security/landlock/fs.o
  AR      drivers/video/fbdev/omap2/omapfb/displays/built-in.a
  AR      drivers/video/fbdev/omap2/omapfb/built-in.a
  CC      drivers/video/fbdev/core/fbcon.o
  AR      drivers/video/fbdev/omap2/built-in.a
  CC      drivers/video/fbdev/core/bitblit.o
  CC      fs/proc/array.o
  AR      drivers/pci/pcie/built-in.a
  CC      drivers/video/fbdev/core/softcursor.o
  CC      fs/iomap/ioend.o
  CC      fs/iomap/fiemap.o
  AS      lib/crypto/x86/sha512-avx-asm.o
  AS      lib/crypto/x86/sha512-avx2-asm.o
  CC      drivers/pci/hotplug/shpchp_core.o
  CC      security/apparmor/capability.o
  CC      security/integrity/ima/ima_crypto.o
  CC      lib/crypto/sha3.o
  CC      security/integrity/evm/evm_main.o
  AR      kernel/power/built-in.a
  CC      kernel/irq/irqdesc.o
  CC      security/integrity/evm/evm_crypto.o
  CC      drivers/pci/probe.o
  CC      crypto/hmac.o
  CC      drivers/pci/controller/dwc/pcie-designware-plat.o
  CC      drivers/video/fbdev/core/tileblit.o
  CC      crypto/crypto_null.o
  CC      net/ethtool/cabletest.o
  CC      fs/sysfs/mount.o
  CC      net/ethtool/tunnels.o
  CC      io_uring/zcrx.o
  CC      mm/util.o
  CC      net/core/rtnetlink.o
  CC      io_uring/io-wq.o
  CC [M]  lib/crypto/gf128mul.o
  AR      net/packet/built-in.a
  CC      net/core/utils.o
  CC      net/core/link_watch.o
  CC      drivers/pci/hotplug/shpchp_ctrl.o
  AR      arch/x86/platform/uv/built-in.a
  CC      net/ethtool/fec.o
  AR      arch/x86/platform/built-in.a
  CC      net/core/filter.o
  CC      fs/proc/fd.o
  CC      drivers/video/fbdev/imsttfb.o
  CC      drivers/video/fbdev/asiliantfb.o
  CC [M]  arch/x86/kvm/../../../virt/kvm/kvm_main.o
  CC      drivers/video/fbdev/vesafb.o
  AR      drivers/pci/controller/dwc/built-in.a
  CC      drivers/video/fbdev/efifb.o
  AR      drivers/pci/controller/mobiveil/built-in.a
  CC      net/core/sock_diag.o
  CC      fs/iomap/seek.o
  CC      crypto/md5.o
  AR      drivers/pci/controller/plda/built-in.a
  CC      drivers/pci/controller/pci-host-common.o
  CC      security/integrity/evm/evm_secfs.o
  CC      block/blk-mq-dma.o
  CC      security/apparmor/resource.o
  CC      fs/configfs/symlink.o
  CC      security/landlock/tsync.o
  CC      fs/sysfs/group.o
  CC      kernel/irq/handle.o
  CC      net/ipv6/ipv6_sockglue.o
  CC      drivers/video/fbdev/core/fbcon_rotate.o
  CC      security/integrity/ima/ima_api.o
  CC      net/ipv4/tcp.o
  CC      security/integrity/ima/ima_policy.o
  AR      lib/crypto/built-in.a
  CC      drivers/pci/hotplug/shpchp_pci.o
  AR      lib/raid/xor/tests/built-in.a
  CC [M]  lib/raid/xor/xor-core.o
  CC      drivers/pci/hotplug/shpchp_sysfs.o
  CC      fs/proc/proc_tty.o
  CC      fs/proc/cmdline.o
  CC      fs/configfs/mount.o
  CC      net/ethtool/eeprom.o
  CC      fs/configfs/item.o
  CC      net/ethtool/stats.o
  CC      security/commoncap.o
  CC      security/integrity/evm/evm_posix_acl.o
  CC      drivers/pci/host-bridge.o
  CC      drivers/pci/remove.o
  CC      crypto/sha1.o
  CC      arch/x86/kernel/cpu/aperfmperf.o
  CC      security/landlock/net.o
  AR      drivers/pci/controller/built-in.a
  CC      drivers/pci/pci.o
  CC      fs/iomap/bio.o
  CC      drivers/video/fbdev/core/fbcon_cw.o
  CC      fs/proc/consoles.o
  CC      drivers/pci/pci-driver.o
  CC      drivers/video/fbdev/core/fbcon_ud.o
  CC      drivers/pci/hotplug/shpchp_hpc.o
  CC      lib/zlib_inflate/inffast.o
  CC      drivers/pci/search.o
  CC      lib/zlib_inflate/inflate.o
  AR      fs/sysfs/built-in.a
  CC      security/apparmor/net.o
  CC      security/landlock/id.o
  CC      io_uring/futex.o
  AR      security/integrity/evm/built-in.a
  CC      block/blk-stat.o
  CC      kernel/rcu/update.o
  CC      kernel/livepatch/core.o
  CC      security/integrity/ima/ima_template.o
  CC      drivers/char/ipmi/ipmi_dmi.o
  CC      net/core/dev_ioctl.o
  CC      block/blk-mq-sysfs.o
  CC      drivers/acpi/acpica/dsargs.o
  CC      kernel/irq/manage.o
  CC [M]  lib/raid/xor/xor-8regs.o
  CC      drivers/acpi/numa/srat.o
  CC [M]  lib/raid/xor/xor-32regs.o
  AR      fs/configfs/built-in.a
  CC      fs/proc/cpuinfo.o
  CC [M]  lib/raid/xor/xor-8regs-prefetch.o
  CC      fs/proc/devices.o
  CC      drivers/char/ipmi/ipmi_plat_data.o
  CC      drivers/acpi/acpica/dscontrol.o
  CC      mm/mmzone.o
  CC      lib/zlib_inflate/infutil.o
  CC      fs/iomap/swapfile.o
  CC      kernel/livepatch/patch.o
  CC      security/landlock/audit.o
  CC [M]  lib/raid/xor/xor-32regs-prefetch.o
  CC [M]  lib/raid/xor/x86/xor-avx.o
  CC [M]  arch/x86/kvm/../../../virt/kvm/eventfd.o
  CC      crypto/sha256.o
  CC [M]  arch/x86/kvm/../../../virt/kvm/binary_stats.o
  AR      kernel/liveupdate/built-in.a
  CC [M]  arch/x86/kvm/../../../virt/kvm/vfio.o
  CC      drivers/video/fbdev/core/fbcon_ccw.o
  CC      drivers/pci/hotplug/acpiphp_core.o
  CC      lib/zlib_inflate/inftrees.o
  CC      arch/x86/kernel/cpu/cpuid-deps.o
  CC      io_uring/epoll.o
  CC      drivers/acpi/acpica/dsdebug.o
  CC      io_uring/napi.o
  CC      drivers/acpi/acpica/dsfield.o
  CC [M]  lib/raid/xor/x86/xor-sse.o
  CC      io_uring/net.o
  CC      io_uring/cmd_net.o
  CC      lib/zlib_inflate/inflate_syms.o
  CC      mm/vmstat.o
  CC      fs/proc/loadavg.o
  CC      security/integrity/ima/ima_template_lib.o
  CC      kernel/livepatch/shadow.o
  CC      drivers/acpi/numa/hmat.o
  AR      lib/raid/xor/built-in.a
  LD [M]  lib/raid/xor/xor.o
  AR      security/apparmor/built-in.a
  AR      lib/raid/raid6/built-in.a
  CC [M]  arch/x86/kvm/../../../virt/kvm/coalesced_mmio.o
  CC      drivers/pci/rebar.o
  CC [M]  lib/raid/raid6/algos.o
  CC      block/blk-mq-cpumap.o
  CC      kernel/irq/spurious.o
  CC      net/ethtool/phc_vclocks.o
  CC      kernel/irq/resend.o
  CC      drivers/acpi/acpica/dsinit.o
  CC      arch/x86/kernel/cpu/cpuid_0x2_table.o
  CC      drivers/acpi/apei/apei-base.o
  CC [M]  drivers/char/ipmi/ipmi_msghandler.o
  CC      fs/proc/meminfo.o
  CC      security/integrity/ima/ima_appraise.o
  CC      fs/proc/stat.o
  CC      io_uring/fdinfo.o
  CC      drivers/video/fbdev/core/cfbfillrect.o
  CC      kernel/dma/mapping.o
  CC      kernel/dma/direct.o
  CC      drivers/acpi/acpica/dsmethod.o
  CC      net/ipv6/ndisc.o
  AR      fs/iomap/built-in.a
  CC      fs/devpts/inode.o
  CC      security/landlock/domain.o
  CC      arch/x86/kernel/cpu/umwait.o
  CC      crypto/sha512.o
  CC      drivers/pci/rom.o
  CC [M]  arch/x86/kvm/../../../virt/kvm/async_pf.o
  AR      lib/zlib_inflate/built-in.a
  CC      drivers/acpi/apei/hest.o
  CC      kernel/irq/chip.o
  CC      drivers/pci/hotplug/acpiphp_glue.o
  CC      security/integrity/ima/ima_modsig.o
  CC      fs/proc/uptime.o
  CC      kernel/rcu/sync.o
  CC      io_uring/bpf_filter.o
  CC      fs/proc/util.o
  CC      kernel/livepatch/state.o
  CC      drivers/acpi/acpica/dsmthdat.o
  CC      net/ethtool/mm.o
  HOSTCC  lib/raid/raid6/mktables
  CC      security/lsm_syscalls.o
  CC      kernel/livepatch/transition.o
  CC      io_uring/bpf-ops.o
  CC      kernel/rcu/srcutree.o
  CC      kernel/rcu/tree.o
  UNROLL  lib/raid/raid6/int1.c
  UNROLL  lib/raid/raid6/int2.c
  UNROLL  lib/raid/raid6/int4.c
  UNROLL  lib/raid/raid6/int8.c
  CC [M]  lib/raid/raid6/recov.o
  AR      drivers/acpi/numa/built-in.a
  CC      block/blk-mq-sched.o
  CC [M]  lib/raid/raid6/x86/sse2.o
  CC [M]  lib/raid/raid6/x86/avx2.o
  CC      net/ipv4/tcp_input.o
  MKCAP   arch/x86/kernel/cpu/capflags.c
  CC      arch/x86/kernel/cpu/powerflags.o
  CC      net/ipv4/tcp_output.o
  CC      drivers/acpi/acpica/dsobject.o
  CC      fs/proc/version.o
  CC      net/ipv4/tcp_timer.o
  CC      kernel/dma/ops_helpers.o
  AR      fs/devpts/built-in.a
  CC      drivers/pnp/pnpacpi/core.o
  CC      drivers/pnp/pnpacpi/rsparser.o
  AR      drivers/amba/built-in.a
  CC [M]  lib/raid/raid6/x86/avx512.o
  CC [M]  drivers/char/ipmi/ipmi_devintf.o
  CC      arch/x86/kernel/signal.o
  CC      block/ioctl.o
  CC      block/genhd.o
  CC      security/integrity/ima/ima_kexec.o
  CC      security/integrity/ima/ima_asymmetric_keys.o
  CC      block/ioprio.o
  CC      crypto/ecb.o
  AR      drivers/pci/hotplug/built-in.a
  CC      drivers/pci/setup-res.o
  CC      security/integrity/ima/ima_queue_keys.o
  AR      security/landlock/built-in.a
  CC [M]  lib/raid/raid6/x86/recov_ssse3.o
  CC      fs/proc/softirqs.o
  CC      drivers/acpi/apei/erst.o
  CC [M]  drivers/char/ipmi/ipmi_si_intf.o
  CC      drivers/acpi/acpica/dsopcode.o
  CC      drivers/video/fbdev/core/cfbcopyarea.o
  CC      mm/backing-dev.o
  CC      drivers/video/fbdev/core/cfbimgblt.o
  CC [M]  drivers/char/ipmi/ipmi_kcs_sm.o
  AR      kernel/livepatch/built-in.a
  CC      drivers/acpi/pmic/intel_pmic.o
  CC      kernel/entry/common.o
  CC [M]  arch/x86/kvm/../../../virt/kvm/irqchip.o
  AR      io_uring/built-in.a
  CC      kernel/unwind/user.o
  CC      kernel/dma/dummy.o
  CC      kernel/irq/dummychip.o
  CC      drivers/acpi/acpica/dspkginit.o
  CC      crypto/cbc.o
  CC      kernel/unwind/deferred.o
  CC [M]  lib/raid/raid6/x86/recov_avx2.o
  CC      fs/proc/namespaces.o
  CC      kernel/entry/syscall-common.o
  CC      kernel/irq/devres.o
  CC      arch/x86/kernel/signal_64.o
  CC [M]  lib/raid/raid6/x86/recov_avx512.o
  CC      arch/x86/kernel/traps.o
  AR      drivers/pnp/pnpacpi/built-in.a
  CC      drivers/pnp/core.o
  CC      block/badblocks.o
  CC      security/integrity/ima/ima_iint.o
  CC [M]  drivers/char/ipmi/ipmi_smic_sm.o
  CC      drivers/pnp/card.o
  CC      arch/x86/kernel/idt.o
  CC      kernel/irq/kexec.o
  CC      drivers/acpi/acpica/dsutils.o
  CC      drivers/acpi/apei/bert.o
  CC      net/ethtool/module.o
  CC      crypto/cts.o
  AR      drivers/acpi/dptf/built-in.a
  CC      drivers/acpi/pmic/intel_pmic_bytcrc.o
  CC [M]  drivers/char/ipmi/ipmi_bt_sm.o
  CC [M]  drivers/char/ipmi/ipmi_si_hotmod.o
  AR      kernel/unwind/built-in.a
  CC      arch/x86/kernel/irq.o
  CC      arch/x86/kernel/irq_64.o
  CC      drivers/pci/irq.o
  CC [M]  arch/x86/kvm/../../../virt/kvm/dirty_ring.o
  CC      drivers/acpi/acpica/dswexec.o
  TABLE   lib/raid/raid6/tables.c
  CC [M]  lib/raid/raid6/int1.o
  CC      fs/proc/self.o
  CC      kernel/rcu/rcu_segcblist.o
  CC      drivers/acpi/pmic/intel_pmic_chtcrc.o
  CC [M]  lib/raid/raid6/int2.o
  CC [M]  drivers/char/ipmi/ipmi_si_hardcode.o
  CC [M]  drivers/char/ipmi/ipmi_si_platform.o
  CC      kernel/dma/swiotlb.o
  CC      kernel/entry/syscall_user_dispatch.o
  CC      security/min_addr.o
  CC [M]  lib/raid/raid6/int4.o
  AR      drivers/clk/actions/built-in.a
  AR      drivers/clk/analogbits/built-in.a
  AR      drivers/clk/aspeed/built-in.a
  AR      drivers/clk/bcm/built-in.a
  CC      drivers/dma/hsu/hsu.o
  AR      drivers/clk/imgtec/built-in.a
  CC      drivers/acpi/apei/ghes.o
  AR      drivers/clk/imx/built-in.a
  AR      drivers/clk/ingenic/built-in.a
  AR      drivers/dma/idxd/built-in.a
  CC      arch/x86/kernel/dumpstack_64.o
  AR      drivers/clk/keystone/built-in.a
  CC [M]  lib/raid/raid6/int8.o
  AR      drivers/clk/mediatek/built-in.a
  AR      security/integrity/ima/built-in.a
  CC      kernel/irq/autoprobe.o
  AR      drivers/clk/microchip/built-in.a
  CC      security/integrity/iint.o
  AR      drivers/clk/mstar/built-in.a
  CC      drivers/video/fbdev/core/fb_io_fops.o
  AR      drivers/clk/mvebu/built-in.a
  AR      drivers/clk/ralink/built-in.a
  CC      net/ipv4/tcp_ipv4.o
  AR      drivers/clk/renesas/built-in.a
  AR      drivers/clk/socfpga/built-in.a
  AR      drivers/clk/sophgo/built-in.a
  AR      drivers/clk/spacemit/built-in.a
  CC      drivers/acpi/acpica/dswload.o
  CC      net/devlink/core.o
  CC      net/devlink/netlink.o
  AR      drivers/clk/sprd/built-in.a
  AR      drivers/clk/starfive/built-in.a
  AR      drivers/clk/sunxi-ng/built-in.a
  CC      drivers/acpi/acpica/dswload2.o
  AR      drivers/clk/tenstorrent/built-in.a
  AR      drivers/clk/ti/built-in.a
  CC      net/ipv6/udp.o
  CC      crypto/xts.o
  CC      crypto/ctr.o
  AR      drivers/clk/versatile/built-in.a
  CC      drivers/clk/x86/clk-fch.o
  CC [M]  lib/raid/raid6/tables.o
  CC      fs/proc/thread_self.o
  CC      drivers/acpi/pmic/intel_pmic_chtwc.o
  CC      drivers/pnp/driver.o
  CC      drivers/pnp/resource.o
  CC [M]  drivers/char/ipmi/ipmi_si_mem_io.o
  CC [M]  drivers/char/ipmi/ipmi_si_port_io.o
  CC      mm/mm_init.o
  CC      drivers/pnp/manager.o
  CC [M]  drivers/char/ipmi/ipmi_si_pci.o
  LD [M]  lib/raid/raid6/raid6_pq.o
  AR      lib/raid/built-in.a
  CC      lib/zlib_deflate/deflate.o
  CC      drivers/pnp/support.o
  CC      block/blk-rq-qos.o
  CC      drivers/acpi/acpica/dswscope.o
  CC      security/security.o
  CC      net/ethtool/cmis_fw_update.o
  CC [M]  arch/x86/kvm/../../../virt/kvm/pfncache.o
  AR      drivers/clk/xilinx/built-in.a
  CC      drivers/clk/clk-devres.o
  CC      kernel/entry/virt.o
  CC      drivers/acpi/apei/ghes_helpers.o
  CC      security/integrity/integrity_audit.o
  CC      drivers/video/fbdev/core/sysfillrect.o
  CC      fs/proc/proc_sysctl.o
  CC      drivers/pci/vpd.o
  CC      drivers/pci/setup-bus.o
  CC      drivers/clk/x86/clk-lpss-atom.o
  AR      drivers/acpi/pmic/built-in.a
  CC      drivers/acpi/x86/apple.o
  CC      drivers/acpi/acpica/dswstate.o
  CC      crypto/gcm.o
  CC      crypto/aes.o
  CC      block/disk-events.o
  CC      arch/x86/kernel/time.o
  CC      kernel/irq/irqdomain.o
  CC [M]  drivers/char/ipmi/ipmi_ssif.o
  CC      kernel/dma/pool.o
  CC      net/core/tso.o
  CC      block/blk-ia-ranges.o
  AR      drivers/dma/hsu/built-in.a
  CC      lib/zlib_deflate/deftree.o
  CC      drivers/dma/lgm/lgm-dma.o
  CC      net/ipv4/tcp_minisocks.o
  CC      drivers/pnp/interface.o
  CC      drivers/clk/x86/clk-pmc-atom.o
  CC      block/early-lookup.o
  CC      drivers/acpi/acpica/evevent.o
  CC      arch/x86/kernel/ioport.o
  CC      arch/x86/kernel/dumpstack.o
  CC      security/integrity/digsig.o
  CC      drivers/acpi/x86/cmos_rtc.o
  CC      crypto/deflate.o
  CC      net/ethtool/cmis_cdb.o
  CC [M]  arch/x86/kvm/../../../virt/kvm/guest_memfd.o
  CC      drivers/video/fbdev/core/syscopyarea.o
  AR      drivers/acpi/apei/built-in.a
  CC      fs/proc/proc_net.o
  AR      kernel/rcu/built-in.a
  CC      fs/proc/kcore.o
  CC      kernel/dma/remap.o
  CC      drivers/acpi/acpica/evgpe.o
  CC      mm/percpu.o
  CC      mm/slab_common.o
  CC      drivers/pnp/quirks.o
  CC      lib/zlib_deflate/deflate_syms.o
  CC      drivers/pnp/system.o
  AR      drivers/clk/x86/built-in.a
  CC      drivers/clk/clk-bulk.o
  AR      kernel/entry/built-in.a
  CC      block/bsg.o
  CC      block/bsg-lib.o
  CC      net/devlink/netlink_gen.o
  CC      net/devlink/dev.o
  CC      drivers/acpi/x86/lpss.o
  CC      crypto/crc32c.o
  CC      drivers/acpi/x86/s2idle.o
  CC      drivers/acpi/x86/utils.o
  CC      drivers/video/fbdev/core/sysimgblt.o
  CC      drivers/acpi/acpica/evgpeblk.o
  CC      drivers/acpi/acpica/evgpeinit.o
  CC      security/integrity/digsig_asymmetric.o
  CC      block/blk-cgroup.o
  LD [M]  drivers/char/ipmi/ipmi_si.o
  AR      kernel/dma/built-in.a
  CC      kernel/module/main.o
  AR      drivers/char/ipmi/built-in.a
  CC      kernel/time/time.o
  CC      kernel/time/timer.o
  CC      net/ipv4/tcp_cong.o
  AR      drivers/dma/lgm/built-in.a
  AR      drivers/dma/amd/built-in.a
  AR      drivers/dma/loongson/built-in.a
  AR      drivers/dma/mediatek/built-in.a
  AR      drivers/dma/qcom/built-in.a
  AR      drivers/dma/stm32/built-in.a
  AR      drivers/dma/ti/built-in.a
  AR      drivers/dma/xilinx/built-in.a
  CC      drivers/dma/dmaengine.o
  CC [M]  drivers/dma/ioat/init.o
  AR      drivers/pnp/built-in.a
  CC [M]  drivers/dma/ioat/dma.o
  CC      net/ethtool/pse-pd.o
  CC      kernel/irq/proc.o
  CC      fs/proc/vmcore.o
  CC      drivers/acpi/acpica/evgpeutil.o
  CC      crypto/lzo.o
  CC      block/blk-cgroup-rwstat.o
  AR      lib/zlib_deflate/built-in.a
  CC      drivers/video/fbdev/core/fb_sys_fops.o
  CC      lib/lzo/lzo1x_compress.o
  CC      net/ipv4/tcp_metrics.o
  CC      net/devlink/port.o
  CC      drivers/pci/vc.o
  CC      drivers/clk/clkdev.o
  CC      net/core/sock_reuseport.o
  CC      drivers/acpi/acpica/evglock.o
  CC      security/integrity/platform_certs/platform_keyring.o
  CC      drivers/pci/mmap.o
  CC      net/core/fib_notifier.o
  CC      lib/lzo/lzo1x_compress_safe.o
  CC      block/blk-throttle.o
  CC      block/blk-ioprio.o
  CC      crypto/lzo-rle.o
  CC [M]  arch/x86/kvm/x86.o
  CC      block/blk-iocost.o
  CC      net/ipv6/raw.o
  CC      kernel/irq/migration.o
  CC      block/mq-deadline.o
  CC      drivers/acpi/acpica/evhandler.o
  CC      block/bio-integrity.o
  CC      drivers/acpi/x86/blacklist.o
  CC [M]  drivers/dma/ioat/prep.o
  CC [M]  drivers/dma/ioat/dca.o
  CC      drivers/pci/devres.o
  CC      lib/lzo/lzo1x_decompress_safe.o
  CC      drivers/pci/proc.o
  CC      net/ipv4/tcp_fastopen.o
  CC      security/integrity/platform_certs/efi_parser.o
  CC      lib/lz4/lz4_compress.o
  CC      crypto/lz4.o
  CC      drivers/acpi/acpica/evmisc.o
  CC      crypto/rng.o
  CC      security/integrity/platform_certs/load_uefi.o
  CC      lib/zstd/zstd_compress_module.o
  CC      kernel/irq/cpuhotplug.o
  CC      drivers/clk/clk.o
  AR      drivers/video/fbdev/core/built-in.a
  AR      drivers/acpi/x86/built-in.a
  AR      drivers/video/fbdev/built-in.a
  CC      drivers/clk/clk-divider.o
  CC      lib/zstd/compress/fse_compress.o
  CC      crypto/drbg.o
  CC      fs/proc/kmsg.o
  CC      drivers/video/screen_info_pci.o
  CC      arch/x86/kernel/cpu/topology.o
  CC [M]  drivers/dma/ioat/sysfs.o
  CC      block/blk-integrity.o
  CC      drivers/acpi/acpica/evregion.o
  CC      security/integrity/platform_certs/keyring_handler.o
  CC      net/ipv4/tcp_recovery.o
  CC      net/ethtool/plca.o
  CC      kernel/module/strict_rwx.o
  CC      kernel/module/kmod.o
  CC      kernel/module/signing.o
  CC      kernel/irq/pm.o
  CC      fs/proc/page.o
  AR      lib/lzo/built-in.a
  CC      net/ipv6/icmp.o
  CC      drivers/pci/pci-sysfs.o
  CC      lib/xz/xz_dec_syms.o
  AR      net/dsa/built-in.a
  CC      net/strparser/strparser.o
  CC      block/t10-pi.o
  CC      lib/xz/xz_dec_stream.o
  CC      drivers/video/cmdline.o
  CC      net/core/xdp.o
  CC      security/integrity/efi_secureboot.o
  CC      drivers/acpi/acpica/evrgnini.o
  CC      kernel/time/hrtimer.o
  CC      mm/compaction.o
  CC      mm/show_mem.o
  CC      kernel/time/sleep_timeout.o
  CC      lib/zstd/compress/hist.o
  LD [M]  drivers/dma/ioat/ioatdma.o
  CC      net/ipv4/tcp_ulp.o
  CC      drivers/dma/virt-dma.o
  CC      kernel/module/livepatch.o
  CC      lib/zstd/compress/huf_compress.o
  CC      lib/xz/xz_dec_lzma2.o
  CC      lib/xz/xz_dec_bcj.o
  CC      lib/zstd/compress/zstd_compress.o
  CC      net/ethtool/phy.o
  CC      net/ethtool/tsconfig.o
  CC      drivers/acpi/acpica/evsci.o
  CC      net/ethtool/mse.o
  CC      kernel/irq/msi.o
  CC      arch/x86/kernel/cpu/proc.o
  CC      net/devlink/sb.o
  AR      security/integrity/built-in.a
  CC      crypto/jitterentropy.o
  CC      fs/proc/bootconfig.o
  CC      kernel/time/timekeeping.o
  CC      security/lsm_notifier.o
  CC      arch/x86/kernel/cpu/feat_ctl.o
  CC      crypto/jitterentropy-kcapi.o
  CC      net/ipv4/tcp_offload.o
  CC      mm/interval_tree.o
  CC      kernel/module/tree_lookup.o
  CC      kernel/module/kallsyms.o
  CC      drivers/acpi/acpica/evxface.o
  CC      block/bio-integrity-auto.o
  CC      kernel/module/procfs.o
  CC      drivers/dma/acpi-dma.o
  AR      lib/xz/built-in.a
  CC      mm/list_lru.o
  CC      drivers/acpi/acpica/evxfevnt.o
  CC      drivers/pci/slot.o
  CC      crypto/kdf_sp800108.o
  CC      drivers/video/nomodeset.o
  AR      fs/proc/built-in.a
  CC      fs/ext4/balloc.o
  CC      arch/x86/kernel/cpu/intel.o
  CC      lib/lz4/lz4_decompress.o
  CC      arch/x86/kernel/cpu/tsx.o
  CC      arch/x86/kernel/cpu/intel_epb.o
  CC      mm/workingset.o
  CC      arch/x86/kernel/cpu/amd.o
  CC      net/ipv6/mcast.o
  CC      kernel/module/sysfs.o
  CC      kernel/time/ntp.o
  CC      net/ipv4/tcp_plb.o
  CC      net/core/flow_offload.o
  AR      net/ethtool/built-in.a
  CC      net/ipv4/datagram.o
  CC      arch/x86/kernel/nmi.o
  CC [M]  drivers/acpi/nfit/core.o
  AR      net/wireless/tests/built-in.a
  AR      net/wireless/built-in.a
  CC      mm/debug.o
  CC      net/netlabel/netlabel_user.o
  CC      drivers/acpi/acpica/evxfgpe.o
  AR      net/strparser/built-in.a
  CC      kernel/time/clocksource.o
  CC      arch/x86/kernel/cpu/amd_cache_disable.o
  CC      drivers/video/hdmi.o
  CC      lib/zstd/compress/zstd_compress_literals.o
  CC      arch/x86/kernel/cpu/hygon.o
  CC      arch/x86/kernel/cpu/centaur.o
  CC      security/lsm_init.o
  CC      security/inode.o
  CC      block/bio-integrity-fs.o
  CC      kernel/module/kdb.o
  CC      net/ipv4/raw.o
  CC      kernel/irq/affinity.o
  CC [M]  crypto/cryptd.o
  CC      net/ipv4/udp.o
  CC      net/ipv6/reassembly.o
  AR      drivers/dma/built-in.a
  CC      net/ipv6/tcp_ipv6.o
  CC      net/ipv4/udp_offload.o
  CC      net/ipv4/arp.o
  CC      drivers/pci/pci-acpi.o
  CC      drivers/acpi/acpica/evxfregn.o
  CC      drivers/acpi/acpica/exconcat.o
  CC      drivers/acpi/acpica/exconfig.o
  CC      kernel/module/version.o
  CC      fs/ext4/bitmap.o
  CC      fs/ext4/block_validity.o
  CC      fs/ext4/dir.o
  CC      net/netlabel/netlabel_kapi.o
  CC      mm/gup.o
  CC      net/netlabel/netlabel_domainhash.o
  CC      net/netlabel/netlabel_addrlist.o
  CC      kernel/irq/matrix.o
  CC      net/devlink/dpipe.o
  AR      lib/lz4/built-in.a
  CC      lib/dim/dim.o
  CC      lib/dim/net_dim.o
  CC      drivers/clk/clk-fixed-factor.o
  CC      arch/x86/kernel/cpu/zhaoxin.o
  CC      lib/zstd/compress/zstd_compress_sequences.o
  CC      drivers/clk/clk-fixed-rate.o
  CC      drivers/acpi/acpica/exconvrt.o
  AR      drivers/video/built-in.a
  CC      drivers/clk/clk-gate.o
  CC      net/ipv4/icmp.o
  CC      lib/zstd/compress/zstd_compress_superblock.o
  CC      security/lsm_audit.o
  CC      fs/ext4/ext4_jbd2.o
  CC      kernel/time/jiffies.o
  CC      fs/ext4/extents.o
  CC      block/blk-zoned.o
  CC      drivers/pci/iomap.o
  CC      lib/zstd/compress/zstd_double_fast.o
  CC      drivers/acpi/acpica/excreate.o
  CC      drivers/acpi/acpica/exdebug.o
  CC      arch/x86/kernel/cpu/perfctr-watchdog.o
  CC      security/device_cgroup.o
  CC      crypto/rsapubkey.asn1.o
  CC      drivers/pci/quirks.o
  AR      kernel/module/built-in.a
  CC      block/blk-wbt.o
  CC      crypto/rsaprivkey.asn1.o
  CC      lib/fonts/fonts.o
  CC      net/core/gro.o
  CC      net/core/netdev-genl.o
  CC      net/core/netdev-genl-gen.o
  AR      crypto/built-in.a
  CC      drivers/acpi/acpica/exdump.o
  CC      drivers/acpi/tables.o
  CC      net/netlabel/netlabel_mgmt.o
  CC      drivers/clk/clk-multiplier.o
  CC      net/netlabel/netlabel_unlabeled.o
  CC      net/netlabel/netlabel_cipso_v4.o
  CC      kernel/time/timer_list.o
  AR      kernel/irq/built-in.a
  CC      drivers/pci/ats.o
  CC      drivers/clk/clk-mux.o
  CC      net/netlabel/netlabel_calipso.o
  CC      net/rfkill/core.o
  CC      net/rfkill/input.o
  CC      drivers/acpi/acpica/exfield.o
  CC      net/devlink/resource.o
  CC      fs/ext4/extents_status.o
  CC      net/core/gso.o
  CC      fs/jbd2/transaction.o
  CC      drivers/clk/clk-composite.o
  CC      lib/fonts/font_rotate.o
  CC [M]  drivers/acpi/nfit/intel.o
  CC      kernel/time/timeconv.o
  CC      drivers/acpi/acpica/exfldio.o
  CC      lib/dim/rdma_dim.o
  CC      arch/x86/kernel/cpu/vmware.o
  CC      drivers/acpi/osi.o
  CC      drivers/pci/iov.o
  CC      lib/pldmfw/pldmfw.o
  CC      net/ipv6/ping.o
  CC      net/ipv6/exthdrs.o
  CC      net/ipv6/datagram.o
  CC      lib/fonts/font_6x10.o
  CC      net/ipv4/devinet.o
  CC      block/blk-mq-debugfs.o
  CC      kernel/time/timecounter.o
  CC      fs/jbd2/commit.o
  CC      net/ipv4/af_inet.o
  CC      fs/jbd2/recovery.o
  CC      drivers/acpi/acpica/exmisc.o
  CC [M]  drivers/acpi/nfit/mce.o
  CC      lib/fonts/font_8x8.o
  CC      drivers/acpi/osl.o
  CC      lib/fonts/font_8x16.o
  CC      lib/fonts/font_acorn_8x8.o
  CC      lib/fonts/font_ter16x32.o
  AR      net/rfkill/built-in.a
  CC      net/dcb/dcbnl.o
  CC      net/dns_resolver/dns_key.o
  AR      security/built-in.a
  CC      arch/x86/kernel/cpu/hypervisor.o
  CC      kernel/time/alarmtimer.o
  CC      drivers/acpi/utils.o
  AR      lib/dim/built-in.a
  CC      net/core/net-sysfs.o
  CC      drivers/clk/clk-fractional-divider.o
  CC      drivers/acpi/acpica/exmutex.o
  CC      net/devlink/param.o
  TEST    lib/test_fortify/read_overflow-memchr.log
  CC      net/ipv6/ip6_flowlabel.o
  CC      fs/squashfs/block.o
  AR      net/netlabel/built-in.a
  CC      net/dcb/dcbevent.o
  CC      mm/mmap_lock.o
  CC      net/ipv6/inet6_connection_sock.o
  CC      net/ipv6/udp_offload.o
  CC      fs/ext4/file.o
  CC      drivers/acpi/acpica/exnames.o
  AR      lib/pldmfw/built-in.a
  LD [M]  drivers/acpi/nfit/nfit.o
  CC      lib/argv_split.o
  TEST    lib/test_fortify/read_overflow-memchr_inv.log
  CC [M]  arch/x86/kvm/emulate.o
  CC      net/dns_resolver/dns_query.o
  CC      fs/jbd2/checkpoint.o
  CC      fs/jbd2/revoke.o
  CC      arch/x86/kernel/cpu/mshyperv.o
  AR      lib/fonts/built-in.a
  CC      lib/bug.o
  CC      lib/zstd/compress/zstd_fast.o
  CC      drivers/pci/pci-label.o
  CC      net/ipv6/seg6.o
  CC      net/ipv6/fib6_notifier.o
  CC      net/ipv6/rpl.o
  TEST    lib/test_fortify/read_overflow-memcmp.log
  CC      net/ipv6/ioam6.o
  CC      drivers/acpi/acpica/exoparg1.o
  CC      block/sed-opal.o
  CC      drivers/acpi/acpica/exoparg2.o
  CC      block/blk-pm.o
  CC      fs/squashfs/cache.o
  TEST    lib/test_fortify/read_overflow-memscan.log
  CC      fs/ext4/fsmap.o
  CC      net/ipv6/sysctl_net_ipv6.o
  CC      lib/buildid.o
  CC      drivers/clk/clk-gpio.o
  CC      net/ipv6/ip6mr.o
  CC      lib/zstd/compress/zstd_lazy.o
  TEST    lib/test_fortify/read_overflow2-memcmp.log
  CC      net/ipv6/netfilter.o
  CC      mm/vma_init.o
  CC      fs/jbd2/journal.o
  CC      drivers/pci/ecam.o
  CC      net/ipv6/fib6_rules.o
  CC      drivers/acpi/acpica/exoparg3.o
  CC      drivers/acpi/reboot.o
  CC      fs/ext4/fsync.o
  CC      drivers/acpi/nvs.o
  CC      net/devlink/region.o
  TEST    lib/test_fortify/read_overflow2-memcpy.log
  CC      net/ipv6/proc.o
  CC      fs/squashfs/dir.o
  CC      fs/squashfs/export.o
  CC      kernel/time/posix-timers.o
  CC      net/ipv4/igmp.o
  AR      net/dns_resolver/built-in.a
  CC      drivers/acpi/wakeup.o
  CC      drivers/acpi/sleep.o
  CC      lib/clz_tab.o
  AR      drivers/clk/built-in.a
  CC      net/ipv6/syncookies.o
  CC      drivers/acpi/acpica/exoparg6.o
  CC      net/core/hotdata.o
  TEST    lib/test_fortify/read_overflow2-memmove.log
  CC      net/ipv6/calipso.o
  CC      net/ipv6/seg6_iptunnel.o
  CC      mm/highmem.o
  CC      fs/ramfs/inode.o
  CC      arch/x86/kernel/cpu/acrn.o
  CC      net/ipv6/seg6_local.o
  TEST    lib/test_fortify/read_overflow2_field-memcpy.log
  TEST    lib/test_fortify/read_overflow2_field-memmove.log
  CC      drivers/acpi/acpica/exprep.o
  CC      drivers/acpi/acpica/exregion.o
  CC      fs/squashfs/file.o
  TEST    lib/test_fortify/write_overflow-memcpy.log
  CC      mm/memory.o
  AR      net/dcb/built-in.a
  CC      mm/mincore.o
  CC      mm/mlock.o
  AR      net/mpls/built-in.a
  CC      net/ipv4/fib_frontend.o
  CC      fs/ext4/hash.o
  CC      net/ipv6/seg6_hmac.o
  CC      net/devlink/health.o
  CC      arch/x86/kernel/cpu/debugfs.o
  CC      fs/ramfs/file-mmu.o
  CC      fs/ext4/ialloc.o
  TEST    lib/test_fortify/write_overflow-memmove.log
  CC      arch/x86/kernel/cpu/bus_lock.o
  CC      drivers/pci/vgaarb.o
  CC      net/ipv6/ioam6_iptunnel.o
  CC      drivers/acpi/acpica/exresnte.o
  CC      drivers/pci/trace.o
  CC      mm/mmap.o
  CC      mm/mmu_gather.o
  TEST    lib/test_fortify/write_overflow-memset.log
  CC      net/ipv6/addrconf_core.o
  CC      net/ipv6/exthdrs_core.o
  CC      drivers/acpi/acpica/exresolv.o
  CC      arch/x86/kernel/cpu/capflags.o
  TEST    lib/test_fortify/write_overflow-strcpy-lit.log
  CC      net/devlink/trap.o
  CC      net/devlink/rate.o
  CC      kernel/time/posix-cpu-timers.o
  AR      fs/ramfs/built-in.a
  CC      fs/squashfs/fragment.o
  CC      fs/hugetlbfs/inode.o
  CC      mm/mprotect.o
  TEST    lib/test_fortify/write_overflow-strcpy.log
  CC      drivers/acpi/acpica/exresop.o
  CC      lib/zstd/compress/zstd_ldm.o
  CC      net/ipv6/ip6_checksum.o
  CC      net/ipv6/ip6_icmp.o
  CC      drivers/acpi/acpica/exserial.o
  CC      drivers/acpi/device_sysfs.o
  CC      mm/mremap.o
  CC      net/core/netdev_config.o
  CC      drivers/acpi/device_pm.o
  CC      block/blk-crypto.o
  CC      fs/squashfs/id.o
  TEST    lib/test_fortify/write_overflow-strscpy.log
  CC      mm/msync.o
  CC      drivers/acpi/proc.o
  CC      net/ipv6/output_core.o
  CC      lib/zstd/compress/zstd_opt.o
  CC      fs/squashfs/inode.o
  CC      drivers/acpi/acpica/exstore.o
  CC      drivers/acpi/bus.o
  CC      block/blk-crypto-profile.o
  TEST    lib/test_fortify/write_overflow_field-memcpy.log
  CC      net/ipv4/fib_semantics.o
  CC      kernel/time/posix-clock.o
  AR      arch/x86/kernel/cpu/built-in.a
  CC      arch/x86/kernel/fred.o
  CC      fs/squashfs/namei.o
  CC      fs/ext4/indirect.o
  TEST    lib/test_fortify/write_overflow_field-memmove.log
  CC      fs/ext4/inline.o
  AR      drivers/pci/built-in.a
  CC      drivers/acpi/acpica/exstoren.o
  CC      arch/x86/kernel/ldt.o
  CC      fs/ext4/inode.o
  AS      arch/x86/kernel/ibt_selftest.o
  CC      fs/ext4/ioctl.o
  AR      fs/jbd2/built-in.a
  TEST    lib/test_fortify/write_overflow_field-memset.log
  CC      fs/ext4/mballoc.o
  CC      net/devlink/linecard.o
  CC      net/devlink/sh_dev.o
  CC      net/core/netdev_rx_queue.o
  CC      fs/squashfs/super.o
  CC      drivers/acpi/acpica/exstorob.o
  CC      drivers/acpi/glue.o
  CC      net/core/netdev_queues.o
  CC      drivers/acpi/scan.o
  CC      kernel/futex/core.o
  CC      kernel/futex/syscalls.o
  AR      fs/hugetlbfs/built-in.a
  CAT     lib/test_fortify/test_fortify.log
  CC      net/core/page_pool.o
  CC      fs/fat/cache.o
  CC      fs/fat/dir.o
  CC      fs/fat/fatent.o
  CC      mm/page_vma_mapped.o
  CC      kernel/time/itimer.o
  CC      arch/x86/kernel/setup.o
  CC      arch/x86/kernel/x86_init.o
  CC      drivers/acpi/acpica/exsystem.o
  CC      mm/pagewalk.o
  CC [M]  arch/x86/kvm/irq.o
  CC [M]  arch/x86/kvm/lapic.o
  CC [M]  arch/x86/kvm/cpuid.o
  CC [M]  arch/x86/kvm/pmu.o
  CC      kernel/futex/pi.o
  CC      block/blk-crypto-sysfs.o
  CC      block/blk-crypto-fallback.o
  CC      drivers/acpi/acpica/extrace.o
  CC      fs/squashfs/symlink.o
  CC      drivers/acpi/acpica/exutils.o
  CC      net/core/page_pool_user.o
  CC      block/holder.o
  CC      net/ipv6/protocol.o
  CC      fs/fat/file.o
  CC      fs/fat/inode.o
  CC      fs/fat/misc.o
  CC      fs/ext4/migrate.o
  CC      net/core/net-procfs.o
  CC      kernel/futex/requeue.o
  CC      mm/pgtable-generic.o
  CC      kernel/time/clockevents.o
  CC      kernel/futex/waitwake.o
  CC      kernel/time/tick-common.o
  CC      drivers/acpi/acpica/hwacpi.o
  CC      net/ipv6/ip6_offload.o
  CC      net/ipv6/exthdrs_offload.o
  CC      fs/ext4/mmp.o
  CC      fs/squashfs/decompressor.o
  CC      fs/squashfs/page_actor.o
  CC      fs/fat/nfs.o
  CC      fs/fat/namei_vfat.o
  CC      drivers/acpi/acpica/hwesleep.o
  CC      arch/x86/kernel/i8259.o
  CC      lib/zstd/compress/zstd_preSplit.o
  CC      lib/zstd/zstd_decompress_module.o
  CC      lib/zstd/decompress/huf_decompress.o
  CC      lib/cmdline.o
  CC      lib/zstd/decompress/zstd_ddict.o
  CC      net/ipv6/inet6_hashtables.o
  CC      lib/cpumask.o
  CC      fs/ecryptfs/dentry.o
  CC [M]  arch/x86/kvm/mtrr.o
  AR      net/devlink/built-in.a
  AR      kernel/futex/built-in.a
  CC [M]  arch/x86/kvm/debugfs.o
  CC      lib/zstd/decompress/zstd_decompress.o
  CC      net/switchdev/switchdev.o
  CC      lib/zstd/decompress/zstd_decompress_block.o
  CC      drivers/acpi/acpica/hwgpe.o
  CC      kernel/cgroup/cgroup.o
  AR      block/built-in.a
  CC      kernel/cgroup/rstat.o
  CC      mm/rmap.o
  CC      fs/squashfs/file_direct.o
  CC      mm/vmalloc.o
  CC      net/ipv6/mcast_snoop.o
  CC      fs/ext4/move_extent.o
  CC      kernel/time/tick-broadcast.o
  CC      kernel/time/tick-broadcast-hrtimer.o
  CC      kernel/time/tick-oneshot.o
  CC      kernel/time/tick-sched.o
  CC      net/ipv4/fib_trie.o
  CC      net/ipv4/fib_notifier.o
  CC      net/core/fib_rules.o
  CC      drivers/acpi/acpica/hwregs.o
  CC      lib/ctype.o
  CC      lib/dec_and_lock.o
  CC      net/core/net-traces.o
  CC      net/core/drop_monitor.o
  CC      fs/ecryptfs/file.o
  CC      lib/zstd/zstd_common_module.o
  CC      lib/zstd/common/debug.o
  CC      fs/squashfs/decompressor_single.o
  CC      arch/x86/kernel/irqinit.o
  CC      lib/zstd/common/entropy_common.o
  CC      lib/decompress.o
  CC      lib/decompress_bunzip2.o
  AR      fs/fat/built-in.a
  CC      fs/ecryptfs/inode.o
  CC      drivers/acpi/mipi-disco-img.o
  CC      drivers/acpi/resource.o
  CC      drivers/acpi/acpi_processor.o
  CC      lib/decompress_inflate.o
  CC      lib/decompress_unlz4.o
  CC      kernel/time/timer_migration.o
  CC      kernel/time/vsyscall.o
  CC [M]  arch/x86/kvm/mmu/mmu.o
  CC      drivers/acpi/acpica/hwsleep.o
  CC      lib/zstd/common/error_private.o
  CC      kernel/cgroup/namespace.o
  CC [M]  arch/x86/kvm/mmu/page_track.o
  CC      kernel/time/timekeeping_debug.o
  CC      fs/squashfs/xattr.o
  CC      drivers/acpi/acpica/hwvalid.o
  CC      net/ipv4/inet_fragment.o
  CC      drivers/acpi/acpica/hwxface.o
  CC      drivers/acpi/acpica/hwxfsleep.o
  CC      drivers/acpi/acpica/hwpci.o
  CC      fs/ext4/namei.o
  CC      kernel/time/namespace.o
  CC      fs/ext4/page-io.o
  CC      fs/ext4/readpage.o
  CC      fs/ext4/resize.o
  CC      arch/x86/kernel/jump_label.o
  CC      drivers/acpi/processor_core.o
  CC      arch/x86/kernel/irq_work.o
  CC      drivers/acpi/processor_pdc.o
  CC      drivers/acpi/ec.o
  CC      drivers/acpi/dock.o
  CC      fs/ecryptfs/main.o
  CC      kernel/time/namespace_vdso.o
  CC      fs/ecryptfs/super.o
  CC      fs/ecryptfs/mmap.o
  CC      fs/squashfs/xattr_id.o
  CC [M]  arch/x86/kvm/mmu/spte.o
  AR      net/switchdev/built-in.a
  CC      fs/squashfs/lz4_wrapper.o
  CC      net/core/selftests.o
  CC      fs/squashfs/lzo_wrapper.o
  CC      drivers/acpi/pci_root.o
  CC      fs/squashfs/xz_wrapper.o
  CC      drivers/acpi/acpica/nsaccess.o
  CC      drivers/acpi/acpica/nsalloc.o
  CC      arch/x86/kernel/probe_roms.o
  AR      net/ipv6/built-in.a
  CC      net/l3mdev/l3mdev.o
  CC      drivers/acpi/pci_link.o
  CC      net/core/timestamping.o
  CC      net/core/ptp_classifier.o
  CC      fs/squashfs/zlib_wrapper.o
  CC      kernel/cgroup/cgroup-v1.o
  CC      fs/squashfs/zstd_wrapper.o
  CC      drivers/acpi/acpica/nsarguments.o
  AR      drivers/soc/apple/built-in.a
  AR      drivers/soc/aspeed/built-in.a
  CC      drivers/virtio/virtio.o
  AR      drivers/soc/bcm/built-in.a
  CC      drivers/virtio/virtio_ring.o
  AR      drivers/soc/fsl/built-in.a
  AR      drivers/soc/fujitsu/built-in.a
  CC      fs/ext4/super.o
  CC      drivers/virtio/virtio_anchor.o
  AR      drivers/soc/hisilicon/built-in.a
  AR      drivers/soc/imx/built-in.a
  AR      drivers/soc/ixp4xx/built-in.a
  AR      kernel/time/built-in.a
  AR      drivers/soc/loongson/built-in.a
  CC      arch/x86/kernel/sys_ia32.o
  AR      drivers/soc/microchip/built-in.a
  AR      drivers/soc/mediatek/built-in.a
  CC      fs/ext4/symlink.o
  CC      net/core/netprio_cgroup.o
  CC      lib/zstd/common/fse_decompress.o
  CC      net/core/netclassid_cgroup.o
  AR      drivers/soc/nuvoton/built-in.a
  CC      fs/ecryptfs/read_write.o
  CC      drivers/acpi/pci_irq.o
  AR      drivers/soc/pxa/built-in.a
  AR      drivers/soc/amlogic/built-in.a
  AR      drivers/soc/qcom/built-in.a
  CC      drivers/xen/events/events_base.o
  AR      drivers/soc/renesas/built-in.a
  AR      drivers/soc/rockchip/built-in.a
  CC      drivers/xen/events/events_2l.o
  AR      drivers/soc/sophgo/built-in.a
  AR      drivers/soc/sunxi/built-in.a
  AR      drivers/soc/versatile/built-in.a
  AR      drivers/soc/ti/built-in.a
  CC      drivers/xen/xenbus/xenbus_client.o
  AR      drivers/soc/vt8500/built-in.a
  AR      drivers/soc/xilinx/built-in.a
  AR      drivers/soc/built-in.a
  CC      drivers/xen/cpu_hotplug.o
  CC      drivers/acpi/acpica/nsconvert.o
  CC      drivers/acpi/acpica/nsdump.o
  CC      drivers/acpi/acpi_apd.o
  CC      drivers/acpi/acpi_platform.o
  CC      drivers/acpi/acpi_pnp.o
  AR      fs/squashfs/built-in.a
  CC      fs/exportfs/expfs.o
  CC      drivers/acpi/acpica/nseval.o
  CC      mm/vma.o
  CC      lib/zstd/common/zstd_common.o
  CC [M]  arch/x86/kvm/mmu/tdp_iter.o
  CC      drivers/acpi/acpica/nsinit.o
  CC [M]  arch/x86/kvm/mmu/tdp_mmu.o
  CC      net/ncsi/ncsi-cmd.o
  CC      fs/ecryptfs/crypto.o
  CC      net/ncsi/ncsi-rsp.o
  CC      net/ncsi/ncsi-aen.o
  CC      fs/ext4/sysfs.o
  CC      net/ncsi/ncsi-manage.o
  CC      fs/ext4/xattr.o
  CC      arch/x86/kernel/signal_32.o
  CC      arch/x86/kernel/sys_x86_64.o
  CC      drivers/acpi/acpica/nsload.o
  CC      drivers/acpi/power.o
  CC      net/ipv4/ping.o
  CC      drivers/acpi/event.o
  CC      drivers/acpi/evged.o
  CC      drivers/virtio/virtio_pci_modern_dev.o
  CC [M]  arch/x86/kvm/i8259.o
  CC      drivers/virtio/virtio_pci_legacy_dev.o
  CC      drivers/acpi/acpica/nsnames.o
  CC      drivers/acpi/acpica/nsobject.o
  AR      net/l3mdev/built-in.a
  CC      fs/ext4/xattr_hurd.o
  CC      net/xdp/xsk.o
  CC      net/xdp/xdp_umem.o
  CC      drivers/acpi/sysfs.o
  AR      fs/exportfs/built-in.a
  CC [M]  arch/x86/kvm/i8254.o
  CC      fs/nls/nls_base.o
  CC      fs/nls/nls_cp437.o
  CC      fs/ext4/xattr_trusted.o
  CC      drivers/acpi/property.o
  CC [M]  fs/nls/nls_iso8859-1.o
  CC      drivers/virtio/virtio_mmio.o
  CC      drivers/acpi/acpica/nsparse.o
  CC      fs/unicode/utf8-norm.o
  CC      fs/unicode/utf8-core.o
  CC      drivers/xen/xenbus/xenbus_comms.o
  CC      drivers/xen/xenbus/xenbus_xs.o
  CC      arch/x86/kernel/espfix_64.o
  CC      net/core/lwtunnel.o
  CC [M]  arch/x86/kvm/ioapic.o
  CC [M]  arch/x86/kvm/hyperv.o
  CC      drivers/regulator/core.o
  CC      drivers/acpi/debugfs.o
  CC      fs/ecryptfs/keystore.o
  CC      fs/ext4/xattr_user.o
  CC      fs/ext4/fast_commit.o
  CC      net/ncsi/ncsi-netlink.o
  CC      drivers/acpi/acpica/nspredef.o
  CC      drivers/acpi/acpica/nsprepkg.o
  CC      drivers/acpi/acpica/nsrepair.o
  CC      fs/ext4/orphan.o
  CC      drivers/acpi/acpica/nsrepair2.o
  CC      drivers/acpi/acpi_lpat.o
  CC [M]  arch/x86/kvm/xen.o
  CC      drivers/virtio/virtio_pci_modern.o
  CC      kernel/cgroup/freezer.o
  CC      drivers/xen/events/events_fifo.o
  CC      drivers/virtio/virtio_pci_common.o
  CC      drivers/regulator/dummy.o
  CC      drivers/xen/xenbus/xenbus_probe.o
  CC      net/ipv4/ip_tunnel_core.o
  CC      drivers/acpi/acpi_fpdt.o
  CC      arch/x86/kernel/ksysfs.o
  AR      fs/nls/built-in.a
  CC      arch/x86/kernel/bootflag.o
  CC      fs/ext4/acl.o
  CC      fs/ext4/xattr_security.o
  COPY    fs/unicode/utf8data.c
  CC      mm/vma_exec.o
  CC      fs/unicode/utf8data.o
  CC      net/core/lwt_bpf.o
  CC [M]  arch/x86/kvm/smm.o
  CC      fs/ext4/verity.o
  CC      fs/ext4/crypto.o
  CC      drivers/acpi/acpica/nssearch.o
  CC      drivers/acpi/acpica/nsutils.o
  CC [M]  arch/x86/kvm/vmx/vmx.o
  CC      drivers/acpi/acpi_lpit.o
  CC      net/core/dst_cache.o
  CC      arch/x86/kvm/kvm-asm-offsets.s
  CC      drivers/virtio/virtio_pci_legacy.o
  CC      drivers/acpi/prmt.o
  CC      drivers/acpi/acpica/nswalk.o
  CC      arch/x86/kernel/e820.o
  CC      drivers/acpi/acpi_pcc.o
  CC      fs/fuse/trace.o
  CC      fs/ecryptfs/kthread.o
  CC      fs/fuse/dev.o
  CC      drivers/acpi/acpica/nsxfeval.o
  AR      drivers/xen/events/built-in.a
  CC      drivers/virtio/virtio_pci_admin_legacy_io.o
  CC      kernel/cgroup/legacy_freezer.o
  CC      drivers/xen/grant-table.o
  CC      kernel/cgroup/pids.o
  CC      net/xdp/xsk_queue.o
  CC      drivers/acpi/acpica/nsxfname.o
  AR      net/ncsi/built-in.a
  CC      net/xdp/xskmap.o
  CC      arch/x86/kernel/pci-dma.o
  CC      net/xdp/xsk_buff_pool.o
  CC      drivers/xen/xenbus/xenbus_probe_backend.o
  CC      mm/process_vm_access.o
  CC      net/core/skmsg.o
  AR      fs/unicode/built-in.a
  CC      net/core/sock_map.o
  CC      drivers/xen/xenbus/xenbus_dev_frontend.o
  CC      drivers/virtio/virtio_balloon.o
  CC      drivers/acpi/acpi_mrrm.o
  CC [M]  arch/x86/kvm/vmx/pmu_intel.o
  CC      fs/ecryptfs/debug.o
  CC      net/mptcp/protocol.o
  CC      drivers/xen/features.o
  CC      drivers/acpi/acpica/nsxfobj.o
  CC      kernel/cgroup/rdma.o
  CC      arch/x86/kernel/quirks.o
  AR      lib/zstd/built-in.a
  CC      lib/decompress_unlzma.o
  CC      lib/decompress_unlzo.o
  CC      lib/decompress_unxz.o
  CC      net/core/bpf_sk_storage.o
  CC      drivers/acpi/acpica/psargs.o
  CC      drivers/acpi/acpica/psloop.o
  CC      drivers/xen/xenbus/xenbus_dev_backend.o
  CC [M]  arch/x86/kvm/vmx/vmcs12.o
  CC      net/handshake/alert.o
  CC      mm/mseal.o
  CC      net/handshake/genl.o
  CC      fs/ecryptfs/messaging.o
  CC      net/mptcp/subflow.o
  CC      fs/ecryptfs/miscdev.o
  CC      drivers/acpi/acpica/psobject.o
  CC      drivers/xen/xenbus/xenbus_probe_frontend.o
  CC      fs/fuse/dir.o
  CC      lib/decompress_unzstd.o
  CC      arch/x86/kernel/kdebugfs.o
  CC      lib/dump_stack.o
  CC      drivers/xen/balloon.o
  CC [M]  net/tls/tls_main.o
  CC      arch/x86/kernel/alternative.o
  CC [M]  net/tls/tls_sw.o
  CC      net/mptcp/options.o
  CC      net/mptcp/token.o
  CC [M]  net/tls/tls_proc.o
  CC      lib/earlycpio.o
  AR      drivers/virtio/built-in.a
  CC      lib/extable.o
  CC      drivers/acpi/acpica/psopcode.o
  CC      net/core/devmem.o
  CC      drivers/acpi/acpica/psopinfo.o
  CC      net/ipv4/gre_offload.o
  CC      kernel/debug/kdb/kdb_io.o
  CC      kernel/debug/kdb/kdb_main.o
  AR      drivers/reset/amlogic/built-in.a
  CC      kernel/debug/kdb/kdb_support.o
  AR      drivers/reset/hisilicon/built-in.a
  AR      drivers/reset/spacemit/built-in.a
  AR      drivers/reset/starfive/built-in.a
  AR      drivers/reset/sti/built-in.a
  CC      drivers/reset/core.o
  AR      drivers/reset/tegra/built-in.a
  CC      drivers/acpi/acpica/psparse.o
  CC      kernel/cgroup/cpuset.o
  CC      drivers/acpi/acpica/psscope.o
  CC      drivers/xen/manage.o
  CC      mm/page_alloc.o
  AR      fs/hostfs/built-in.a
  CC      lib/flex_proportions.o
  CC      drivers/xen/time.o
  CC      lib/idr.o
  AR      fs/ecryptfs/built-in.a
  CC      arch/x86/kernel/i8253.o
  CC      lib/iomem_copy.o
  CC      fs/debugfs/inode.o
  CC      kernel/trace/trace_clock.o
  CC      net/ipv4/metrics.o
  AR      net/xdp/built-in.a
  CC      net/ipv4/netlink.o
  CC      kernel/debug/kdb/kdb_bt.o
  CC      lib/irq_regs.o
  CC      lib/is_single_threaded.o
  CC      drivers/acpi/acpi_adxl.o
  CC      drivers/acpi/acpica/pstree.o
  CC      drivers/acpi/ac.o
  CC      drivers/regulator/fixed-helper.o
  GENKDB  kernel/debug/kdb/gen-kdb_cmds.c
  CC      kernel/debug/kdb/kdb_bp.o
  CC      arch/x86/kernel/hw_breakpoint.o
  CC      drivers/xen/mem-reservation.o
  AR      drivers/xen/xenbus/built-in.a
  CC      net/mptcp/crypto.o
  CC [M]  net/tls/trace.o
  CC      drivers/acpi/acpica/psutils.o
  CC      lib/klist.o
  CC      drivers/acpi/acpica/pswalk.o
  CC      net/ipv4/nexthop.o
  CC      drivers/acpi/acpica/psxface.o
  CC      lib/kobject.o
  CC      fs/fuse/file.o
  CC      lib/kobject_uevent.o
  CC      drivers/acpi/button.o
  CC      drivers/acpi/acpica/rsaddr.o
  CC      drivers/tty/hvc/hvc_console.o
  CC      drivers/tty/vt/vt_ioctl.o
  CC      kernel/trace/ftrace.o
  CC      kernel/trace/ring_buffer.o
  CC [M]  net/tls/tls_strp.o
  CC      drivers/tty/vt/vc_screen.o
  AR      net/core/built-in.a
  CC      fs/fuse/inode.o
  CC      drivers/regulator/helpers.o
  CC      fs/tracefs/inode.o
  CC      net/handshake/netlink.o
  CC      fs/tracefs/event_inode.o
  CC [M]  net/sunrpc/clnt.o
  CC [M]  net/sunrpc/xprt.o
  CC      drivers/xen/pci.o
  CC [M]  net/psample/psample.o
  CC      drivers/acpi/acpica/rscalc.o
  CC      drivers/xen/dbgp.o
  AR      drivers/reset/built-in.a
  CC      drivers/tty/serial/8250/8250_core.o
  CC      drivers/tty/vt/selection.o
  CC      fs/debugfs/file.o
  CC      fs/fuse/control.o
  CC      net/ipv4/udp_tunnel_stub.o
  CC      net/mptcp/ctrl.o
  CC      kernel/bpf/core.o
  CC      drivers/acpi/acpica/rscreate.o
  CC      drivers/acpi/acpica/rsdumpinfo.o
  CC      kernel/bpf/syscall.o
  CC      kernel/debug/kdb/kdb_debugger.o
  CC      drivers/tty/vt/keyboard.o
  CC      net/ipv4/sysctl_net_ipv4.o
  CC      kernel/cgroup/misc.o
  CC      arch/x86/kernel/tsc.o
  CC      net/ipv4/proc.o
  CC      arch/x86/kernel/tsc_msr.o
  CC      drivers/tty/serdev/core.o
  CC      drivers/tty/vt/vt.o
  CC      drivers/regulator/devres.o
  CC      drivers/acpi/fan_core.o
  CC      drivers/tty/hvc/hvc_irq.o
  CC      net/handshake/request.o
  CC [M]  net/tls/tls_device.o
  CC      fs/fuse/xattr.o
  CC      drivers/acpi/acpica/rsinfo.o
  CC      fs/fuse/acl.o
  CC      kernel/debug/kdb/kdb_keyboard.o
  AR      fs/tracefs/built-in.a
  CC      drivers/xen/acpi.o
  CC      lib/logic_pio.o
  CC      kernel/trace/trace.o
  CC      mm/shuffle.o
  CC      mm/page_frag_cache.o
  CC [M]  arch/x86/kvm/vmx/nested.o
  AR      fs/ext4/built-in.a
  CC      fs/pstore/inode.o
  CC      drivers/tty/hvc/hvc_xen.o
  CC      drivers/tty/serial/8250/8250_platform.o
  CC      drivers/acpi/acpica/rsio.o
  CC      drivers/acpi/fan_attr.o
  CC      drivers/acpi/acpica/rsirq.o
  CC      drivers/acpi/acpica/rslist.o
  AR      kernel/cgroup/built-in.a
  CC      drivers/acpi/acpica/rsmemory.o
  CC      net/mptcp/pm.o
  CC      drivers/acpi/acpica/rsmisc.o
  CC      drivers/acpi/acpica/rsserial.o
  CC      lib/maple_tree.o
  CC      drivers/acpi/acpica/rsutils.o
  CC      fs/fuse/readdir.o
  CC [M]  net/sunrpc/socklib.o
  CC      fs/fuse/ioctl.o
  CC      drivers/tty/serial/8250/8250_pnp.o
  CC      net/ipv4/fib_rules.o
  CC      kernel/trace/trace_output.o
  CC      fs/fuse/req_timeout.o
  AR      fs/debugfs/built-in.a
  CC      drivers/tty/serdev/serdev-ttyport.o
  CC      kernel/trace/trace_seq.o
  CC      fs/efivarfs/inode.o
  CC      kernel/trace/trace_stat.o
  CC      drivers/acpi/fan_hwmon.o
  CC      net/devres.o
  CC      drivers/tty/serial/8250/8250_port.o
  CC      drivers/regulator/irq_helpers.o
  CC      drivers/acpi/pci_slot.o
  CC      arch/x86/kernel/io_delay.o
  CC      fs/pstore/platform.o
  CC      kernel/debug/kdb/gen-kdb_cmds.o
  CC      drivers/acpi/acpica/rsxface.o
  AR      kernel/debug/kdb/built-in.a
  AR      drivers/tty/hvc/built-in.a
  CC      kernel/debug/debug_core.o
  CC      drivers/acpi/acpica/tbdata.o
  AR      drivers/tty/ipwireless/built-in.a
  COPY    drivers/tty/vt/defkeymap.c
  CC      drivers/tty/vt/consolemap.o
  CC      fs/fuse/req.o
  CC      fs/fuse/poll.o
  CC      drivers/xen/xen-acpi-pad.o
  CC      net/mptcp/diag.o
  CC      fs/efivarfs/file.o
  AR      drivers/tty/serdev/built-in.a
  CC      mm/init-mm.o
  CC      net/mptcp/mib.o
  CC      net/mptcp/pm_netlink.o
  CC      drivers/acpi/processor_driver.o
  CC      arch/x86/kernel/rtc.o
  CC      drivers/acpi/processor_thermal.o
  CC      drivers/acpi/processor_idle.o
  CC      net/handshake/tlshd.o
  CC      net/socket.o
  CC      drivers/acpi/processor_throttling.o
  CC [M]  net/sunrpc/xprtsock.o
  CC      drivers/tty/serial/8250/8250_dma.o
  CC      net/compat.o
  CC      drivers/acpi/acpica/tbfadt.o
  CC      mm/memblock.o
  CC      drivers/xen/pcpu.o
  CC      fs/efivarfs/super.o
  CC      fs/efivarfs/vars.o
  CC      net/mptcp/sockopt.o
  CC      net/mptcp/pm_userspace.o
  CC      arch/x86/kernel/resource.o
  CC      drivers/acpi/acpica/tbfind.o
  AR      fs/pstore/built-in.a
  CC      lib/memcat_p.o
  CC      drivers/acpi/processor_perflib.o
  CC      kernel/debug/gdbstub.o
  AR      drivers/regulator/built-in.a
  AS      arch/x86/kernel/irqflags.o
  CC      drivers/char/hw_random/core.o
  CC      drivers/char/agp/backend.o
  CC      drivers/acpi/acpica/tbinstal.o
  CC      drivers/acpi/container.o
  CC      drivers/char/tpm/tpm-chip.o
  CC      kernel/bpf/verifier.o
  CC      drivers/char/tpm/tpm-dev-common.o
  CC      fs/fuse/notify.o
  CC      lib/nmi_backtrace.o
  CC      kernel/bpf/inode.o
  HOSTCC  drivers/tty/vt/conmakehash
  CC [M]  net/tls/tls_device_fallback.o
  CC      drivers/acpi/thermal_lib.o
  CC      kernel/trace/trace_printk.o
  CC      drivers/acpi/acpica/tbprint.o
  CC      drivers/xen/biomerge.o
  CC      arch/x86/kernel/static_call.o
  CC      drivers/acpi/thermal.o
  CC      drivers/tty/serial/8250/8250_fintek.o
  COPY    drivers/tty/vt/ucs_width_table.h
  CC [M]  net/sunrpc/sched.o
  COPY    drivers/tty/vt/ucs_recompose_table.h
  COPY    drivers/tty/vt/ucs_fallback_table.h
  CC      drivers/tty/vt/defkeymap.o
  CC      net/mptcp/fastopen.o
  CC      kernel/trace/trace_pid.o
  AR      fs/efivarfs/built-in.a
  CC [M]  net/sunrpc/auth.o
  CC [M]  net/sunrpc/auth_null.o
  CC      net/ipv4/ipmr.o
  CC      drivers/acpi/platform_profile.o
  CC      net/ipv4/ipmr_base.o
  CC [M]  net/sunrpc/auth_tls.o
  CONMK   drivers/tty/vt/consolemap_deftbl.c
  CC      drivers/tty/vt/ucs.o
  CC      net/sysctl_net.o
  CC      drivers/acpi/acpica/tbutils.o
  CC      drivers/tty/vt/consolemap_deftbl.o
  AR      drivers/tty/vt/built-in.a
  CC      drivers/acpi/acpica/tbxface.o
  CC      kernel/bpf/helpers.o
  AR      kernel/debug/built-in.a
  CC      drivers/acpi/acpica/tbxfload.o
  CC      drivers/acpi/acpica/tbxfroot.o
  CC      drivers/xen/xen-balloon.o
  CC      fs/fuse/iomode.o
  CC      drivers/acpi/acpica/utaddress.o
  CC      net/handshake/trace.o
  CC      drivers/acpi/acpi_memhotplug.o
  CC      net/mptcp/sched.o
  CC      drivers/tty/serial/8250/8250_pcilib.o
  CC [M]  arch/x86/kvm/vmx/posted_intr.o
  AR      drivers/char/hw_random/built-in.a
  CC      drivers/char/mem.o
  CC      drivers/acpi/ioapic.o
  CC [M]  arch/x86/kvm/vmx/main.o
  CC      drivers/char/agp/generic.o
  CC      drivers/char/agp/isoch.o
  CC      drivers/char/agp/amd64-agp.o
  CC      drivers/xen/sys-hypervisor.o
  CC      drivers/char/tpm/tpm-dev.o
  CC      arch/x86/kernel/process.o
  CC      arch/x86/kernel/ptrace.o
  CC [M]  net/sunrpc/auth_unix.o
  CC      drivers/acpi/acpica/utalloc.o
  CC      kernel/bpf/tnum.o
  CC      drivers/char/random.o
  CC      net/mptcp/mptcp_pm_gen.o
kernel/bpf/verifier.c:446:13: warning: ‘is_simd_reg_valid’ defined but not used [-Wunused-function]
  446 | static bool is_simd_reg_valid(u32 reg)
      |             ^~~~~~~~~~~~~~~~~
  CC      mm/memory_hotplug.o
  CC      fs/fuse/passthrough.o
  CC      fs/fuse/backing.o
  CC      fs/fuse/sysctl.o
  CC      net/mptcp/pm_kernel.o
  CC      drivers/tty/serial/8250/8250_rsa.o
  CC      fs/fuse/dev_uring.o
  CC      drivers/acpi/acpica/utascii.o
  CC      drivers/acpi/battery.o
  CC      drivers/acpi/hed.o
  CC      kernel/trace/trace_snapshot.o
  CC      kernel/trace/pid_list.o
  CC      drivers/char/tpm/tpm-interface.o
  CC      drivers/xen/platform-pci.o
  CC      drivers/char/tpm/tpm1-cmd.o
  CC      kernel/trace/tracing_map.o
  CC      kernel/events/core.o
  CC      kernel/events/ring_buffer.o
  CC      drivers/acpi/acpica/utbuffer.o
  CC      kernel/events/callchain.o
  CC [M]  arch/x86/kvm/vmx/sgx.o
  CC      net/mptcp/syncookies.o
  CC      drivers/char/ttyprintk.o
  CC      kernel/events/hw_breakpoint.o
  CC      kernel/events/uprobes.o
  AR      net/handshake/built-in.a
  CC      net/mptcp/bpf.o
  CC      drivers/xen/swiotlb-xen.o
  CC      drivers/xen/mcelog.o
  CC      arch/x86/kernel/tls.o
  CC [M]  arch/x86/kvm/vmx/hyperv.o
  CC      drivers/tty/serial/8250/8250_early.o
  CC      drivers/tty/serial/8250/8250_mid.o
  CC      lib/objpool.o
  CC      drivers/acpi/acpica/utcksum.o
  LD [M]  net/tls/tls.o
  CC      arch/x86/kernel/step.o
  CC      arch/x86/kernel/tboot.o
  CC      drivers/char/agp/intel-agp.o
  CC      drivers/char/agp/intel-gtt.o
  CC      drivers/acpi/bgrt.o
  CC      drivers/xen/xen-acpi-processor.o
  AR      fs/fuse/built-in.a
  CC      arch/x86/kernel/i8237.o
  CC      arch/x86/kernel/stacktrace.o
  CC      fs/resctrl/rdtgroup.o
  CC      drivers/char/misc.o
  CC      drivers/acpi/acpica/utcopy.o
  CC      drivers/tty/serial/8250/8250_pci.o
  CC      drivers/char/agp/via-agp.o
  CC      kernel/trace/trace_sched_switch.o
  CC      kernel/trace/trace_functions.o
  CC      drivers/xen/efi.o
  CC      drivers/char/tpm/tpm2-cmd.o
  CC      lib/plist.o
  CC      arch/x86/kernel/reboot.o
  CC      arch/x86/kernel/early-quirks.o
  CC      lib/radix-tree.o
  CC      drivers/xen/xlate_mmu.o
  CC      arch/x86/kernel/smp.o
  CC      drivers/xen/unpopulated-alloc.o
  CC [M]  arch/x86/kvm/vmx/hyperv_evmcs.o
  CC      arch/x86/kernel/smpboot.o
  CC      arch/x86/kernel/tsc_sync.o
  CC      mm/slub.o
  CC      drivers/char/tpm/tpmrm-dev.o
  CC      arch/x86/kernel/setup_percpu.o
  CC      drivers/acpi/acpica/utexcep.o
  CC [M]  fs/netfs/buffered_read.o
  CC      mm/madvise.o
  CC [M]  fs/netfs/buffered_write.o
  CC [M]  net/sunrpc/svc.o
  CC      drivers/tty/serial/serial_core.o
  CC      drivers/acpi/cppc_acpi.o
  CC      drivers/char/virtio_console.o
  CC [M]  fs/nfs/client.o
  CC      kernel/fork.o
  CC      kernel/exec_domain.o
  CC      kernel/exec_state.o
  CC      net/ipv4/syncookies.o
  CC      kernel/bpf/cnum.o
  CC      net/ipv4/netfilter.o
  CC      net/ipv4/tcp_cubic.o
  CC      drivers/char/hpet.o
  CC      kernel/bpf/log.o
  CC      drivers/acpi/acpica/utdebug.o
  CC      kernel/trace/trace_sched_wakeup.o
  CC      kernel/panic.o
  CC [M]  fs/nfs/dir.o
  AR      drivers/char/agp/built-in.a
  CC      kernel/cpu.o
  CC      arch/x86/kernel/mpparse.o
  CC      kernel/exit.o
  CC [M]  arch/x86/kvm/svm/svm.o
  CC      lib/ratelimit.o
  CC      arch/x86/kernel/ftrace.o
  AR      net/mptcp/built-in.a
  CC      drivers/char/tpm/tpm2-space.o
  CC      lib/rbtree.o
  AR      drivers/xen/built-in.a
  CC      drivers/acpi/acpica/utdecode.o
  CC      kernel/softirq.o
  CC      kernel/trace/trace_hwlat.o
  CC      lib/seq_buf.o
  CC      drivers/tty/tty_io.o
  CC      drivers/tty/serial/8250/8250_pericom.o
  CC [M]  net/sunrpc/svcsock.o
  CC [M]  net/sunrpc/svcauth.o
  CC      drivers/tty/serial/8250/8250_rt288x.o
  CC      mm/page_io.o
  CC      mm/swap_state.o
  CC      fs/resctrl/ctrlmondata.o
  CC      drivers/acpi/acpica/utdelete.o
  CC      mm/swapfile.o
  CC      net/ipv4/tcp_bpf.o
  CC      mm/zswap.o
  CC      kernel/resource.o
  CC [M]  fs/netfs/direct_read.o
  CC      kernel/sysctl.o
  CC      kernel/trace/trace_osnoise.o
  CC [M]  fs/netfs/direct_write.o
  CC [M]  fs/netfs/iterator.o
  CC      drivers/char/tpm/tpm-sysfs.o
  AS      arch/x86/kernel/ftrace_64.o
  CC [M]  fs/netfs/locking.o
  CC [M]  fs/netfs/main.o
  CC      drivers/acpi/acpica/uterror.o
  CC      kernel/trace/trace_nop.o
  CC      kernel/capability.o
  CC      lib/siphash.o
  CC      kernel/ptrace.o
  CC      drivers/acpi/acpica/uteval.o
  CC      arch/x86/kernel/trace_clock.o
  CC      fs/resctrl/monitor.o
  AR      drivers/tty/serial/8250/built-in.a
  CC      kernel/user.o
  CC      fs/resctrl/pseudo_lock.o
  CC      mm/dmapool.o
  CC      drivers/char/tpm/eventlog/common.o
  CC      mm/hugetlb.o
  CC      arch/x86/kernel/trace.o
  CC      kernel/signal.o
  CC      drivers/char/tpm/eventlog/tpm1.o
  CC      drivers/acpi/acpica/utglobal.o
  CC      kernel/trace/trace_stack.o
  CC      kernel/trace/trace_mmiotrace.o
  CC      lib/string.o
  CC [M]  net/sunrpc/svcauth_unix.o
  CC      drivers/tty/serial/serial_base_bus.o
  CC [M]  net/sunrpc/addr.o
  CC      lib/sys_info.o
  CC      lib/timerqueue.o
  CC      lib/union_find.o
  CC      arch/x86/kernel/rethook.o
  CC      mm/hugetlb_sysfs.o
  CC [M]  fs/netfs/misc.o
  CC      arch/x86/kernel/vmcore_info_64.o
  CC      lib/vsprintf.o
  CC      drivers/char/tpm/eventlog/tpm2.o
  CC      lib/win_minmax.o
  CC      kernel/sys.o
  CC      drivers/acpi/acpica/uthex.o
  CC      lib/xarray.o
  CC      drivers/char/tpm/tpm-buf.o
  CC      drivers/tty/n_tty.o
  CC      net/ipv4/udp_bpf.o
  CC [M]  fs/lockd/clntlock.o
  CC [M]  fs/lockd/clntproc.o
  CC      drivers/tty/serial/serial_ctrl.o
  CC [M]  fs/autofs/init.o
  CC      drivers/tty/serial/serial_port.o
  CC      net/ipv4/cipso_ipv4.o
  CC      mm/hugetlb_sysctl.o
  CC      lib/lockref.o
  CC      kernel/trace/trace_functions_graph.o
  CC      drivers/acpi/acpica/utids.o
  UPD     arch/x86/kvm/kvm-asm-offsets.h
  CC      arch/x86/kernel/machine_kexec_64.o
  AS      arch/x86/kernel/relocate_kernel_64.o
  CC      arch/x86/kernel/kexec-bzimage64.o
  CC      kernel/trace/blktrace.o
  AR      fs/resctrl/built-in.a
  CC      lib/bcd.o
  CC      fs/open.o
  CC      lib/sort.o
  CC      mm/hugetlb_vmemmap.o
  CC      mm/mempolicy.o
  CC [M]  arch/x86/kvm/svm/pmu.o
  CC      lib/parser.o
  CC      drivers/char/tpm/tpm2-sessions.o
  CC      drivers/tty/serial/earlycon.o
  CC      net/ipv4/bpf_tcp_ca.o
  CC      drivers/acpi/acpica/utinit.o
  CC [M]  fs/nfs/file.o
  CC      lib/debug_locks.o
  CC      drivers/tty/serial/max310x.o
  CC [M]  fs/autofs/inode.o
  CC [M]  fs/netfs/objects.o
  CC      drivers/tty/serial/sccnxp.o
  CC      drivers/tty/serial/serial_mctrl_gpio.o
  CC      drivers/acpi/acpica/utlock.o
  CC      drivers/tty/serial/kgdboc.o
  CC      mm/sparse.o
  CC [M]  fs/netfs/read_collect.o
  CC      drivers/acpi/acpica/utmath.o
  CC      arch/x86/kernel/crash_dump_64.o
  CC      drivers/char/tpm/tpm_ppi.o
  CC      fs/read_write.o
  CC      fs/file_table.o
  CC      drivers/char/tpm/eventlog/acpi.o
  CC      drivers/char/tpm/eventlog/efi.o
  CC      kernel/bpf/token.o
  AR      drivers/iommu/arm/arm-smmu/built-in.a
  CC      kernel/trace/fgraph.o
  AR      drivers/iommu/arm/arm-smmu-v3/built-in.a
  AR      drivers/iommu/arm/built-in.a
  AR      drivers/iommu/iommufd/built-in.a
  CC      kernel/trace/trace_events.o
  CC      drivers/iommu/amd/iommu.o
  CC      drivers/acpi/acpica/utmisc.o
  CC      drivers/iommu/amd/init.o
  CC [M]  fs/autofs/root.o
  CC [M]  arch/x86/kvm/svm/nested.o
  CC [M]  arch/x86/kvm/svm/avic.o
  CC      drivers/iommu/amd/quirks.o
  CC      arch/x86/kernel/crash.o
  AR      kernel/events/built-in.a
  CC      arch/x86/kernel/module.o
  CC      drivers/iommu/amd/ppr.o
  CC      drivers/tty/tty_ioctl.o
  CC [M]  fs/autofs/symlink.o
  CC [M]  arch/x86/kvm/svm/hyperv.o
  CC [M]  fs/autofs/waitq.o
  CC      drivers/acpi/acpica/utmutex.o
  CC      drivers/char/tpm/tpm_tis_core.o
  CC      mm/sparse-vmemmap.o
  CC      mm/mmu_notifier.o
  CC      mm/ksm.o
  CC      drivers/iommu/intel/iommu.o
  CC      drivers/iommu/intel/pasid.o
  AR      net/ipv4/built-in.a
  CC [M]  fs/lockd/clntxdr.o
  CC      drivers/iommu/intel/nested.o
  AR      net/built-in.a
  AR      drivers/tty/serial/built-in.a
  CC      drivers/char/tpm/tpm_tis.o
  CC      drivers/iommu/generic_pt/fmt/iommu_amdv1.o
  CC [M]  net/sunrpc/rpcb_clnt.o
  CC      drivers/iommu/generic_pt/fmt/iommu_vtdss.o
  CC      drivers/acpi/acpica/utnonansi.o
  CC      drivers/iommu/generic_pt/fmt/iommu_x86_64.o
  CC      arch/x86/kernel/kgdb.o
  CC      mm/page_poison.o
  CC      kernel/umh.o
  CC      drivers/iommu/amd/pasid.o
  CC      kernel/workqueue.o
  CC [M]  fs/autofs/expire.o
  CC      arch/x86/kernel/early_printk.o
  CC [M]  fs/autofs/dev-ioctl.o
  CC      drivers/tty/tty_ldisc.o
  CC      drivers/tty/tty_buffer.o
  CC      kernel/bpf/liveness.o
  CC      drivers/acpi/acpica/utobject.o
  CC      mm/memtest.o
  LD [M]  arch/x86/kvm/kvm.o
  CC      mm/migrate.o
  CC [M]  fs/netfs/read_pgpriv2.o
  CC      mm/memory-tiers.o
  CC      drivers/char/tpm/tpm_crb.o
  CC      lib/random32.o
  CC      drivers/iommu/intel/cache.o
  CC      drivers/iommu/intel/prq.o
  CC      drivers/iommu/intel/dmar.o
  CC      drivers/iommu/intel/trace.o
  CC      drivers/acpi/acpica/utosi.o
  CC [M]  fs/lockd/host.o
  CC      drivers/iommu/iommu.o
  CC      drivers/iommu/iommu-pages.o
  CC      kernel/pid.o
  CC      kernel/task_work.o
  CC [M]  fs/lockd/svc.o
  CC      drivers/acpi/acpica/utownerid.o
  CC [M]  fs/nfs/getroot.o
  CC [M]  fs/netfs/read_retry.o
  LD [M]  fs/autofs/autofs4.o
  CC      arch/x86/kernel/hpet.o
  CC      arch/x86/kernel/amd_nb.o
  CC      fs/super.o
  CC      fs/char_dev.o
  CC      mm/migrate_device.o
  CC      drivers/acpi/acpica/utpredef.o
  CC      lib/bust_spinlocks.o
  CC      kernel/extable.o
  AS [M]  arch/x86/kvm/vmx/vmenter.o
  CC      drivers/tty/tty_port.o
  AS [M]  arch/x86/kvm/svm/vmenter.o
  CC [M]  fs/netfs/read_single.o
  LD [M]  arch/x86/kvm/kvm-intel.o
  LD [M]  arch/x86/kvm/kvm-amd.o
  CC [M]  fs/netfs/rolling_buffer.o
  CC [M]  fs/netfs/write_collect.o
  CC [M]  fs/nfs/inode.o
  AR      drivers/char/tpm/built-in.a
  AR      drivers/char/built-in.a
  AR      drivers/gpu/host1x/built-in.a
  CC      drivers/iommu/intel/svm.o
  CC      drivers/acpi/acpica/utresdecode.o
  CC [M]  fs/netfs/write_issue.o
  CC [M]  fs/netfs/write_retry.o
  AR      drivers/gpu/drm/tests/built-in.a
  AR      drivers/gpu/drm/arm/built-in.a
  AR      drivers/gpu/drm/clients/built-in.a
  CC      kernel/params.o
  CC [M]  drivers/gpu/drm/clients/drm_client_setup.o
  CC [M]  drivers/gpu/drm/clients/drm_fbdev_client.o
  CC      lib/kasprintf.o
  AR      drivers/gpu/drm/display/built-in.a
  CC [M]  drivers/gpu/drm/display/drm_display_helper_mod.o
  AR      drivers/iommu/amd/built-in.a
  CC [M]  fs/netfs/stats.o
  AR      drivers/gpu/drm/renesas/rcar-du/built-in.a
  AR      drivers/gpu/drm/renesas/rz-du/built-in.a
  CC      kernel/kthread.o
  AR      drivers/gpu/drm/renesas/built-in.a
  CC      kernel/sys_ni.o
  CC      drivers/iommu/intel/irq_remapping.o
  CC      drivers/acpi/acpica/utresrc.o
  CC      fs/stat.o
  AR      drivers/iommu/generic_pt/fmt/built-in.a
  CC      fs/exec.o
  CC      kernel/trace/trace_export.o
  CC      drivers/tty/tty_mutex.o
  CC      lib/bitmap.o
  CC [M]  fs/lockd/svclock.o
  CC [M]  net/sunrpc/timer.o
  CC [M]  drivers/gpu/drm/display/drm_dp_dual_mode_helper.o
  CC      kernel/nsproxy.o
  CC      lib/scatterlist.o
  CC      drivers/acpi/acpica/utstate.o
  CC      arch/x86/kernel/amd_node.o
  CC      kernel/nstree.o
  CC      kernel/bpf/const_fold.o
  CC [M]  fs/netfs/fscache_cache.o
  CC      fs/pipe.o
  CC      fs/namei.o
  CC      kernel/nscommon.o
  CC [M]  fs/netfs/fscache_cookie.o
  CC      kernel/bpf/daisy_simd_kfunc.o
  CC      drivers/tty/tty_ldsem.o
  LD [M]  drivers/gpu/drm/clients/drm_client_lib.o
  CC      drivers/acpi/acpica/utstring.o
  CC [M]  fs/netfs/fscache_io.o
  AR      drivers/gpu/drm/omapdrm/built-in.a
  CC      kernel/trace/trace_syscalls.o
  CC [M]  fs/nfs/super.o
  CC [M]  fs/nfs/io.o
  CC      mm/huge_memory.o
  CC      mm/khugepaged.o
  CC      arch/x86/kernel/kvm.o
  CC      drivers/acpi/acpica/utstrsuppt.o
  CC      kernel/notifier.o
  CC      arch/x86/kernel/kvmclock.o
  CC [M]  drivers/gpu/drm/display/drm_dp_helper.o
  CC      drivers/iommu/intel/perfmon.o
  CC      drivers/tty/tty_baudrate.o
  CC      drivers/tty/tty_jobctrl.o
  CC      kernel/bpf/daisy_simd_kfunc_generated.o
  CC      lib/list_sort.o
  CC      drivers/tty/n_null.o
  CC      kernel/bpf/bpf_iter.o
  CC      kernel/ksysfs.o
  CC      kernel/cred.o
  CC      lib/uuid.o
  CC      lib/iov_iter.o
  CC      mm/page_counter.o
  CC      lib/clz_ctz.o
  CC      lib/bsearch.o
  CC [M]  fs/lockd/svcshare.o
  CC      drivers/acpi/acpica/utstrtoul64.o
  CC      kernel/bpf/map_iter.o
  CC [M]  fs/lockd/svcproc.o
  CC [M]  fs/netfs/fscache_main.o
  CC      fs/fcntl.o
  CC [M]  fs/netfs/fscache_volume.o
  CC [M]  fs/nfs/direct.o
  CC      drivers/acpi/acpica/utxface.o
  CC      fs/ioctl.o
  CC      drivers/acpi/acpica/utxfinit.o
  CC      drivers/acpi/spcr.o
  CC [M]  net/sunrpc/xdr.o
  CC      drivers/acpi/acpica/utxferror.o
  CC [M]  fs/netfs/fscache_proc.o
  CC      kernel/bpf/task_iter.o
  CC      kernel/trace/trace_event_perf.o
  CC      kernel/reboot.o
  CC      drivers/tty/pty.o
  CC      lib/find_bit.o
  CC      drivers/tty/tty_audit.o
  CC      drivers/acpi/acpica/utxfmutex.o
  AR      drivers/iommu/intel/built-in.a
  CC      lib/llist.o
  CC      drivers/iommu/iommu-traces.o
  CC      kernel/async.o
  CC      kernel/trace/trace_events_filter.o
  CC [M]  fs/nfs/pagelist.o
  CC [M]  drivers/gpu/drm/display/drm_dp_mst_topology.o
  CC [M]  drivers/gpu/drm/display/drm_hdmi_helper.o
  CC [M]  drivers/gpu/drm/display/drm_scdc_helper.o
  CC [M]  fs/nfs/read.o
  CC      drivers/connector/cn_queue.o
  CC [M]  fs/nfs/symlink.o
  CC      drivers/base/power/sysfs.o
  AR      drivers/gpu/drm/tilcdc/built-in.a
  CC      drivers/block/loop.o
  AR      drivers/gpu/drm/imx/built-in.a
  CC [M]  net/sunrpc/sunrpc_syms.o
  AR      drivers/misc/eeprom/built-in.a
  AR      drivers/misc/cb710/built-in.a
  AR      drivers/misc/lis3lv02d/built-in.a
  AR      drivers/misc/cardreader/built-in.a
  AR      drivers/misc/pvpanic/built-in.a
  AR      drivers/misc/amd-sbi/built-in.a
  CC      drivers/connector/connector.o
  AR      drivers/misc/keba/built-in.a
  CC      kernel/range.o
  CC [M]  drivers/misc/mei/init.o
  CC      fs/readdir.o
  CC      kernel/bpf/prog_iter.o
  CC [M]  fs/lockd/svcsubs.o
  CC [M]  fs/lockd/mon.o
  CC      drivers/acpi/acpica/dbcmds.o
  CC      drivers/acpi/acpica/dbconvert.o
  CC      drivers/acpi/acpica/dbdisply.o
  CC      drivers/tty/sysrq.o
  CC      arch/x86/kernel/paravirt.o
  CC [M]  fs/lockd/trace.o
  CC [M]  fs/lockd/netlink.o
  CC      kernel/bpf/link_iter.o
  CC      drivers/acpi/acpica/dbexec.o
  CC      mm/memcontrol.o
  CC      kernel/bpf/hashtab.o
  CC      kernel/bpf/arraymap.o
  CC      kernel/bpf/percpu_freelist.o
  CC      drivers/acpi/acpica/dbhistry.o
  CC      drivers/connector/cn_proc.o
  CC      fs/select.o
  CC [M]  fs/nfs/unlink.o
  CC [M]  fs/netfs/fscache_stats.o
  CC      drivers/base/power/generic_ops.o
  CC [M]  fs/nfs/write.o
  CC      lib/lwq.o
  CC      kernel/trace/trace_events_trigger.o
  CC      lib/memweight.o
  CC      mm/vmpressure.o
  CC [M]  drivers/misc/mei/hbm.o
  CC      mm/bpf_memcontrol.o
  CC      drivers/acpi/acpica/dbinput.o
  CC      mm/hugetlb_cgroup.o
  CC [M]  net/sunrpc/cache.o
  CC [M]  net/sunrpc/rpc_pipe.o
  CC      drivers/block/xen-blkfront.o
  CC      drivers/misc/sram.o
  CC [M]  drivers/misc/enclosure.o
  CC      drivers/mfd/88pm860x-core.o
  CC      drivers/iommu/iommu-sysfs.o
  CC      drivers/iommu/dma-iommu.o
  CC      lib/kfifo.o
  CC      kernel/bpf/bpf_lru_list.o
  CC [M]  fs/lockd/nlm3xdr_gen.o
  CC      drivers/acpi/acpica/dbmethod.o
  CC      drivers/acpi/acpica/dbnames.o
  CC [M]  net/sunrpc/sysfs.o
  CC      drivers/base/power/common.o
  CC [M]  net/sunrpc/svc_xprt.o
  CC [M]  fs/nfs/namespace.o
  CC      arch/x86/kernel/paravirt-spinlocks.o
  CC      mm/memory-failure.o
  AR      drivers/connector/built-in.a
  CC [M]  fs/nfs/mount_clnt.o
  CC      lib/percpu-refcount.o
  CC      kernel/trace/trace_eprobe.o
  CC      fs/dcache.o
  CC      drivers/iommu/iova.o
  AR      drivers/tty/built-in.a
  AR      drivers/misc/built-in.a
  AR      drivers/nfc/built-in.a
  CC      kernel/trace/trace_events_inject.o
  CC      kernel/trace/trace_events_hist.o
  CC      kernel/trace/trace_events_synth.o
  CC [M]  fs/lockd/clnt4xdr.o
  CC      drivers/nvdimm/core.o
  LD [M]  fs/netfs/netfs.o
  CC [M]  fs/nfs/nfstrace.o
  CC      drivers/acpi/acpica/dbobject.o
  CC      drivers/acpi/acpica/dbstats.o
  CC      fs/inode.o
  CC      arch/x86/kernel/pvclock.o
  CC      fs/attr.o
  CC      drivers/iommu/irq_remapping.o
  CC      fs/bad_inode.o
  CC [M]  drivers/misc/mei/interrupt.o
  CC [M]  drivers/misc/mei/client.o
  CC [M]  fs/lockd/svc4proc.o
  CC      drivers/acpi/acpica/dbutils.o
  CC [M]  fs/nfs/export.o
  CC [M]  net/sunrpc/xprtmultipath.o
  CC [M]  net/sunrpc/netlink.o
  CC [M]  net/sunrpc/debugfs.o
  CC      drivers/base/power/qos.o
  CC      drivers/mfd/88pm860x-i2c.o
  CC [M]  net/sunrpc/stats.o
  CC      drivers/nvdimm/bus.o
  CC [M]  fs/nfs/sysfs.o
  CC [M]  fs/lockd/nlm4xdr_gen.o
  CC      lib/rhashtable.o
  CC      drivers/acpi/acpica/dbxface.o
  CC [M]  fs/lockd/procfs.o
  AR      drivers/block/built-in.a
  AR      drivers/dax/hmem/built-in.a
  CC      drivers/dax/super.o
  CC      drivers/dax/bus.o
  CC [M]  net/sunrpc/sysctl.o
  CC      arch/x86/kernel/pmem.o
  CC      kernel/trace/bpf_trace.o
  CC      kernel/trace/trace_kprobe.o
  CC      kernel/bpf/lpm_trie.o
  CC      kernel/bpf/map_in_map.o
  LD [M]  drivers/gpu/drm/display/drm_display_helper.o
  AR      drivers/gpu/drm/panel/built-in.a
  AR      drivers/gpu/drm/bridge/analogix/built-in.a
  AR      drivers/gpu/drm/bridge/cadence/built-in.a
  AR      drivers/gpu/drm/bridge/imx/built-in.a
  CC      drivers/acpi/acpica/rsdump.o
  AR      drivers/gpu/drm/bridge/synopsys/built-in.a
  CC      drivers/gpu/vga/vga_switcheroo.o
  AR      drivers/gpu/drm/bridge/built-in.a
  CC      drivers/iommu/virtio-iommu.o
  AR      drivers/gpu/drm/hisilicon/built-in.a
  AR      drivers/gpu/drm/mxsfb/built-in.a
  AR      drivers/gpu/tests/built-in.a
  AR      drivers/gpu/drm/sysfb/built-in.a
  CC      drivers/mfd/wm8400-core.o
  AR      drivers/gpu/drm/tiny/built-in.a
  CC      arch/x86/kernel/jailhouse.o
  AR      drivers/gpu/drm/xlnx/built-in.a
  CC      mm/page_isolation.o
  AR      drivers/gpu/drm/gud/built-in.a
  CC      drivers/acpi/acpi_dbg.o
  AR      drivers/gpu/drm/sitronix/built-in.a
  AR      drivers/gpu/drm/solomon/built-in.a
  CC      mm/zsmalloc.o
  CC      mm/early_ioremap.o
  CC [M]  drivers/gpu/drm/ttm/ttm_tt.o
  CC      arch/x86/kernel/pcspeaker.o
  CC [M]  drivers/misc/mei/main.o
  CC [M]  drivers/misc/mei/dma-ring.o
  CC      kernel/smpboot.o
  CC      drivers/nvdimm/dimm_devs.o
  AR      drivers/acpi/acpica/built-in.a
  CC      drivers/nvdimm/nd_perf.o
  LD [M]  fs/lockd/lockd.o
  CC      fs/file.o
  CC      kernel/bpf/bloom_filter.o
  CC      drivers/mfd/wm831x-core.o
  CC      drivers/mfd/wm831x-irq.o
  CC      drivers/mfd/wm831x-otp.o
  CC      fs/filesystems.o
  CC      fs/namespace.o
  CC      arch/x86/kernel/check.o
  CC      kernel/trace/error_report-traces.o
  CC      lib/base64.o
  CC      lib/once.o
  CC      drivers/acpi/viot.o
  CC      kernel/ucount.o
  CC      lib/refcount.o
  CC      drivers/iommu/iommu-sva.o
  CC      kernel/bpf/local_storage.o
  CC      fs/seq_file.o
  CC      drivers/base/power/runtime.o
  CC      drivers/base/power/wakeirq.o
  CC      kernel/regset.o
  CC      kernel/ksyms_common.o
  CC      drivers/nvdimm/dimm.o
  CC      drivers/nvdimm/region_devs.o
  CC      drivers/nvdimm/region.o
  AR      drivers/dax/built-in.a
  CC [M]  fs/nfs/fs_context.o
  CC      drivers/dma-buf/heaps/system_heap.o
  CC      lib/rcuref.o
  CC      mm/numa.o
  CC      arch/x86/kernel/uprobes.o
  CC      drivers/nvdimm/namespace_devs.o
  CC      arch/x86/kernel/perf_regs.o
  CC      arch/x86/kernel/itmt.o
  CC      arch/x86/kernel/umip.o
  CC      arch/x86/kernel/unwind_frame.o
  CC      arch/x86/kernel/callthunks.o
  CC      fs/xattr.o
  AR      drivers/gpu/vga/built-in.a
  CC      drivers/mfd/wm831x-auxadc.o
  CC [M]  drivers/acpi/acpi_ipmi.o
  LD [M]  net/sunrpc/sunrpc.o
  CC [M]  drivers/misc/mei/bus.o
  CC [M]  drivers/gpu/drm/ttm/ttm_bo.o
  CC      drivers/iommu/io-pgfault.o
  CC      lib/usercopy.o
  CC      drivers/mfd/wm831x-i2c.o
  CC [M]  fs/nfs/sysctl.o
  CC      drivers/mfd/wm831x-spi.o
  CC [M]  fs/nfs/fscache.o
  CC [M]  drivers/gpu/drm/scheduler/sched_main.o
  CC [M]  drivers/gpu/drm/mgag200/mgag200_bmc.o
  CC [M]  drivers/gpu/drm/scheduler/sched_fence.o
  CC      drivers/nvdimm/label.o
  CC      fs/libfs.o
  CC [M]  drivers/gpu/drm/scheduler/sched_entity.o
  CC [M]  drivers/gpu/drm/scheduler/sched_rq.o
  CC      arch/x86/kernel/cet.o
  AR      drivers/dma-buf/heaps/built-in.a
  CC [M]  drivers/gpu/drm/nouveau/dispnv04/i2c/ch7006_drv.o
  CC      kernel/bpf/queue_stack_maps.o
  CC      drivers/dma-buf/dma-buf.o
  CC      kernel/bpf/ringbuf.o
  CC      drivers/base/power/main.o
  CC [M]  drivers/gpu/drm/nouveau/dispnv04/i2c/ch7006_mode.o
  CC      drivers/nvdimm/badrange.o
  CC      arch/x86/kernel/audit_64.o
  CC      arch/x86/kernel/amd_gart_64.o
  CC      mm/numa_memblks.o
  CC      drivers/mfd/wm8350-core.o
  CC      lib/errseq.o
  CC      drivers/base/power/wakeup.o
  CC      drivers/mfd/wm8350-regmap.o
  CC      drivers/base/power/wakeup_stats.o
  CC      drivers/gpu/drm/drm_panel_orientation_quirks.o
  CC      lib/bucket_locks.o
  CC [M]  drivers/gpu/drm/mgag200/mgag200_ddc.o
  CC [M]  drivers/gpu/drm/ttm/ttm_bo_util.o
  CC      arch/x86/kernel/aperture_64.o
  CC      arch/x86/kernel/mmconf-fam10h_64.o
  CC [M]  fs/nfs/nfs3super.o
  CC [M]  drivers/acpi/acpi_video.o
  CC      arch/x86/kernel/vsmp_64.o
  CC      drivers/base/firmware_loader/builtin/main.o
  CC [M]  drivers/acpi/video_detect.o
  LDS     arch/x86/kernel/vmlinux.lds
  CC      lib/generic-radix-tree.o
  CC [M]  fs/nfs/nfs3client.o
  AR      drivers/iommu/built-in.a
  CC [M]  drivers/gpu/drm/nouveau/dispnv04/i2c/sil164_drv.o
  AR      drivers/cxl/core/built-in.a
  AR      drivers/cxl/built-in.a
  CC      drivers/base/regmap/regmap.o
  CC [M]  drivers/misc/mei/bus-fixup.o
  CC [M]  drivers/gpu/drm/ttm/ttm_bo_vm.o
  CC [M]  drivers/gpu/drm/drm_atomic.o
  CC [M]  drivers/gpu/drm/drm_atomic_uapi.o
  CC      drivers/mfd/wm8350-gpio.o
  CC      kernel/trace/power-traces.o
  CC      fs/fs-writeback.o
  CC      fs/pnode.o
  CC      drivers/mfd/wm8350-irq.o
  CC      drivers/mfd/wm8350-i2c.o
  CC [M]  drivers/gpu/drm/mgag200/mgag200_drv.o
  CC      drivers/mfd/tps65910.o
  CC      kernel/bpf/bpf_insn_array.o
  CC [M]  drivers/gpu/drm/mgag200/mgag200_g200.o
  CC      mm/numa_emulation.o
  AR      arch/x86/kernel/built-in.a
  AR      arch/x86/built-in.a
  CC [M]  drivers/gpu/drm/mgag200/mgag200_g200eh.o
  AR      drivers/base/firmware_loader/builtin/built-in.a
  CC      drivers/base/firmware_loader/fallback_table.o
  CC      drivers/base/firmware_loader/main.o
  CC      drivers/base/power/trace.o
  CC [M]  drivers/acpi/acpi_pad.o
  CC      lib/bitmap-str.o
  CC      kernel/trace/rpm-traces.o
  CC      drivers/nvdimm/claim.o
  CC      drivers/nvdimm/btt_devs.o
  CC [M]  drivers/misc/mei/debugfs.o
  CC [M]  drivers/misc/mei/mei-trace.o
  CC [M]  drivers/gpu/drm/nouveau/nvif/object.o
  CC      kernel/trace/trace_kdb.o
  LD [M]  drivers/gpu/drm/scheduler/gpu-sched.o
  CC      drivers/base/power/clock_ops.o
  CC      drivers/mfd/tps65912-core.o
  CC      drivers/mfd/tps65912-i2c.o
  CC      drivers/nvdimm/pfn_devs.o
  CC [M]  drivers/gpu/drm/mgag200/mgag200_g200eh3.o
  CC      drivers/mfd/tps65912-spi.o
  CC      drivers/base/firmware_loader/fallback.o
  CC      drivers/mfd/twl-core.o
  CC      kernel/bpf/bpf_local_storage.o
  CC      drivers/base/firmware_loader/sysfs.o
  CC [M]  drivers/gpu/drm/mgag200/mgag200_g200eh5.o
  CC      mm/balloon.o
  CC [M]  drivers/gpu/drm/mgag200/mgag200_g200er.o
  CC      mm/secretmem.o
  AR      drivers/base/test/built-in.a
  CC [M]  fs/nfs/nfs3proc.o
  CC      drivers/base/component.o
  CC      drivers/dma-buf/dma-fence.o
  CC [M]  drivers/misc/mei/pci-me.o
  CC      drivers/base/regmap/regcache.o
  CC [M]  drivers/gpu/drm/ttm/ttm_module.o
  CC [M]  drivers/gpu/drm/drm_auth.o
  CC [M]  drivers/gpu/drm/drm_blend.o
  LD [M]  drivers/acpi/video.o
  AR      drivers/acpi/built-in.a
  CC      kernel/trace/trace_dynevent.o
  CC      kernel/trace/trace_probe.o
  CC      lib/string_helpers.o
  CC      drivers/dma-buf/dma-fence-array.o
  CC      drivers/base/core.o
  CC      drivers/base/bus.o
  CC      drivers/base/dd.o
  CC [M]  drivers/gpu/drm/nouveau/nvif/client.o
  CC      drivers/base/syscore.o
  CC [M]  drivers/gpu/drm/nouveau/nvif/conn.o
  CC      kernel/groups.o
  CC      drivers/base/regmap/regcache-rbtree.o
  CC      drivers/base/regmap/regcache-flat.o
  CC [M]  drivers/gpu/drm/nouveau/nvif/device.o
  CC [M]  drivers/gpu/drm/ttm/ttm_execbuf_util.o
  CC [M]  drivers/gpu/drm/mgag200/mgag200_g200ev.o
  CC [M]  drivers/gpu/drm/ttm/ttm_range_manager.o
  CC      mm/userfaultfd.o
  CC      drivers/base/driver.o
  AR      drivers/base/power/built-in.a
  CC [M]  drivers/gpu/drm/drm_bridge.o
  CC      mm/page_idle.o
  CC      drivers/base/regmap/regcache-maple.o
  CC      drivers/base/regmap/regmap-debugfs.o
  CC      drivers/base/regmap/regmap-i2c.o
  AR      drivers/base/firmware_loader/built-in.a
  CC      drivers/nvdimm/dax_devs.o
  CC      drivers/nvdimm/security.o
  CC      drivers/nvdimm/e820.o
  CC [M]  drivers/gpu/drm/mgag200/mgag200_g200ew3.o
  CC      drivers/base/regmap/regmap-spi.o
  CC      mm/usercopy.o
  CC      lib/hexdump.o
  CC [M]  fs/nfs/nfs3xdr.o
  CC [M]  drivers/misc/mei/hw-me.o
  CC      drivers/base/class.o
  CC      drivers/mfd/twl4030-irq.o
  CC      drivers/dma-buf/dma-fence-chain.o
  CC      kernel/bpf/bpf_task_storage.o
  CC [M]  drivers/gpu/drm/nouveau/nvif/disp.o
  CC [M]  fs/nfs/nfs3acl.o
  LD [M]  fs/nfs/nfs.o
  CC      drivers/nvdimm/ramdax.o
  CC      drivers/base/platform.o
  CC [M]  drivers/gpu/drm/nouveau/nvif/driver.o
  CC      drivers/base/cpu.o
  AR      drivers/macintosh/built-in.a
  CC [M]  drivers/macintosh/mac_hid.o
  AR      drivers/scsi/device_handler/built-in.a
  AR      drivers/scsi/megaraid/built-in.a
  CC [M]  drivers/gpu/drm/mgag200/mgag200_g200se.o
  CC [M]  drivers/scsi/mpt3sas/mpt3sas_base.o
  CC      mm/memremap.o
  CC      drivers/base/regmap/regmap-mmio.o
  CC      lib/kstrtox.o
  CC      mm/hmm.o
  CC      kernel/vhost_task.o
  CC      mm/memfd.o
  CC [M]  drivers/gpu/drm/drm_cache.o
  CC [M]  drivers/gpu/drm/mgag200/mgag200_g200wb.o
  CC      mm/ptdump.o
  CC [M]  drivers/gpu/drm/ttm/ttm_resource.o
  CC      drivers/mfd/twl6030-irq.o
  CC [M]  drivers/gpu/drm/ttm/ttm_pool.o
  CC      mm/page_reporting.o
  CC      drivers/base/firmware.o
  CC      drivers/base/regmap/regmap-irq.o
  CC      kernel/trace/trace_btf.o
  CC [M]  drivers/gpu/drm/nouveau/nvif/event.o
  CC      lib/iomap.o
  CC [M]  drivers/scsi/mpt3sas/mpt3sas_config.o
  CC      drivers/base/init.o
  CC      drivers/base/map.o
  AR      drivers/nvme/common/built-in.a
  AR      drivers/nvme/host/built-in.a
  CC      drivers/dma-buf/dma-fence-unwrap.o
  AR      drivers/nvme/target/built-in.a
  AR      drivers/nvme/built-in.a
  CC      kernel/bpf/fixups.o
  CC      drivers/dma-buf/dma-resv.o
  CC      drivers/dma-buf/dma-buf-mapping.o
  CC [M]  drivers/gpu/drm/nouveau/nvif/fifo.o
  CC [M]  drivers/gpu/drm/nouveau/nvif/head.o
  CC [M]  drivers/gpu/drm/nouveau/nvif/mem.o
  CC      kernel/bpf/cfg.o
  CC      drivers/ata/libata-core.o
  AR      drivers/nvdimm/built-in.a
  CC      drivers/scsi/scsi.o
  CC      drivers/dma-buf/dma-heap.o
  CC      drivers/spi/spi.o
  AR      drivers/net/phy/mediatek/built-in.a
  AR      drivers/net/phy/qcom/built-in.a
  CC      drivers/net/phy/stubs.o
  CC      drivers/dma-buf/sync_file.o
  CC      kernel/trace/trace_uprobe.o
  CC [M]  drivers/gpu/drm/mgag200/mgag200_mode.o
  CC      drivers/dma-buf/sw_sync.o
  CC      drivers/dma-buf/sync_debug.o
  CC      drivers/dma-buf/udmabuf.o
  CC      drivers/base/devres.o
  CC [M]  drivers/gpu/drm/nouveau/nvif/mmu.o
  CC      drivers/base/attribute_container.o
  CC [M]  drivers/gpu/drm/drm_color_mgmt.o
  LD [M]  fs/nfs/nfsv3.o
  CC      drivers/base/transport_class.o
  AR      drivers/message/fusion/built-in.a
  AR      drivers/message/built-in.a
  CC      drivers/base/topology.o
  CC      drivers/base/container.o
  AR      drivers/firewire/built-in.a
  CC      fs/splice.o
  CC      drivers/base/property.o
  CC      drivers/base/cacheinfo.o
  CC      fs/sync.o
  LD [M]  drivers/misc/mei/mei.o
  AR      drivers/net/pse-pd/built-in.a
  CC      kernel/kcmp.o
  CC      fs/utimes.o
  LD [M]  drivers/misc/mei/mei-me.o
  CC      drivers/mfd/twl4030-audio.o
  CC      mm/bootmem_info.o
  CC      mm/execmem.o
  CC      lib/iomap_copy.o
  CC      lib/devres.o
  CC [M]  drivers/gpu/drm/drm_colorop.o
  AR      drivers/base/regmap/built-in.a
  CC [M]  drivers/scsi/mpt3sas/mpt3sas_scsih.o
  CC [M]  drivers/gpu/drm/drm_connector.o
  CC [M]  drivers/gpu/drm/drm_crtc.o
  CC [M]  drivers/gpu/drm/drm_displayid.o
  CC      drivers/net/phy/mdio_bus.o
  CC [M]  drivers/gpu/drm/mgag200/mgag200_vga_bmc.o
  CC      kernel/bpf/states.o
  CC [M]  drivers/gpu/drm/nouveau/nvif/outp.o
  CC      drivers/net/mdio/acpi_mdio.o
  CC      drivers/net/mdio/fwnode_mdio.o
  CC      drivers/base/swnode.o
  CC [M]  drivers/gpu/drm/mgag200/mgag200_vga.o
  CC      lib/interval_tree.o
  CC      drivers/base/faux.o
  CC      drivers/base/auxiliary.o
  CC      drivers/base/devtmpfs.o
  CC [M]  drivers/gpu/drm/drm_drv.o
  CC      drivers/net/phy/phy.o
  CC [M]  drivers/gpu/drm/ttm/ttm_device.o
  CC      fs/d_path.o
  CC      drivers/scsi/hosts.o
  AR      mm/built-in.a
  CC      fs/stack.o
  AR      drivers/dma-buf/built-in.a
  CC      kernel/trace/trace_boot.o
  CC      drivers/net/phy/phy-c45.o
  AR      drivers/net/pcs/built-in.a
  CC      drivers/net/phy/phy-core.o
  CC      drivers/net/phy/phy_device.o
  CC      drivers/base/node.o
  CC      drivers/base/memory.o
  CC      drivers/base/module.o
  CC [M]  drivers/gpu/drm/drm_dumb_buffers.o
  CC      drivers/mfd/twl6040.o
  CC      kernel/bpf/backtrack.o
  LD [M]  drivers/gpu/drm/mgag200/mgag200.o
  CC      lib/assoc_array.o
  CC [M]  drivers/gpu/drm/drm_edid.o
  CC      kernel/trace/rethook.o
  CC      lib/bitrev.o
  CC [M]  drivers/gpu/drm/nouveau/nvif/timer.o
  CC [M]  drivers/gpu/drm/nouveau/nvif/vmm.o
  CC [M]  drivers/gpu/drm/nouveau/nvif/chan.o
  CC [M]  drivers/scsi/mpt3sas/mpt3sas_transport.o
  CC      fs/fs_struct.o
  CC      fs/statfs.o
  CC      drivers/base/auxiliary_sysfs.o
  CC [M]  drivers/scsi/mpt3sas/mpt3sas_ctl.o
  CC      drivers/base/hypervisor.o
  CC      fs/fs_pin.o
  CC      drivers/base/pinctrl.o
  CC      drivers/scsi/scsi_ioctl.o
  CC      drivers/mfd/mfd-core.o
  CC      kernel/bpf/check_btf.o
  CC      kernel/bpf/bpf_inode_storage.o
  CC      drivers/base/devcoredump.o
  CC      kernel/bpf/disasm.o
  AR      kernel/trace/built-in.a
  CC [M]  drivers/gpu/drm/ttm/ttm_sys_manager.o
  CC      kernel/bpf/mprog.o
  AR      drivers/net/mdio/built-in.a
  CC      kernel/freezer.o
  CC      kernel/profile.o
  CC [M]  drivers/gpu/drm/nouveau/nvif/chan506f.o
  CC      kernel/bpf/trampoline.o
  CC      drivers/net/phy/linkmode.o
  CC      drivers/net/phy/phy_link_topology.o
  CC      lib/linear_ranges.o
  CC      fs/nsfs.o
  CC      drivers/net/phy/phy_caps.o
  CC      drivers/spi/spi-mem.o
  CC      drivers/base/platform-msi.o
  CC [M]  drivers/gpu/drm/drm_eld.o
  CC      fs/fs_dirent.o
  CC [M]  drivers/gpu/drm/ttm/ttm_backup.o
  CC [M]  drivers/gpu/drm/drm_encoder.o
  CC      fs/fs_context.o
  CC [M]  drivers/gpu/drm/drm_file.o
  CC      drivers/net/phy/mdio_bus_provider.o
  CC      drivers/base/physical_location.o
  CC [M]  drivers/gpu/drm/drm_fourcc.o
  CC      drivers/net/phy/phy_port.o
  CC      fs/fs_parser.o
  CC      drivers/scsi/scsicam.o
  CC      kernel/bpf/btf.o
  CC      lib/packing.o
  CC [M]  drivers/scsi/mpt3sas/mpt3sas_trigger_diag.o
  CC      kernel/bpf/memalloc.o
  CC [M]  drivers/gpu/drm/nouveau/nvif/chan906f.o
  CC      drivers/base/trace.o
  CC      kernel/bpf/rqspinlock.o
  CC      kernel/stacktrace.o
  CC      kernel/bpf/stream.o
  CC [M]  drivers/gpu/drm/drm_framebuffer.o
  CC      fs/fsopen.o
  CC      fs/init.o
  CC      kernel/dma.o
  CC      kernel/smp.o
  CC [M]  drivers/gpu/drm/ttm/ttm_agp_backend.o
  CC [M]  drivers/gpu/drm/drm_gem.o
  CC      drivers/mfd/da903x.o
  CC      drivers/cdrom/cdrom.o
  CC      drivers/vfio/pci/vfio_pci_core.o
  AR      drivers/auxdisplay/built-in.a
  CC      drivers/vfio/vfio_main.o
  CC      fs/kernel_read_file.o
  CC [M]  drivers/gpu/drm/nouveau/nvif/chanc36f.o
  CC      drivers/scsi/scsi_error.o
  CC [M]  drivers/gpu/drm/drm_ioctl.o
  CC      kernel/bpf/arena.o
  CC [M]  drivers/scsi/mpt3sas/mpt3sas_warpdrive.o
  CC      lib/xxhash.o
  CC [M]  drivers/gpu/drm/drm_lease.o
  CC      drivers/scsi/scsi_lib.o
  CC [M]  drivers/gpu/drm/nouveau/nvif/user.o
  CC      drivers/ata/libata-scsi.o
  AR      drivers/base/built-in.a
  CC      kernel/bpf/range_tree.o
  CC      drivers/ata/libata-eh.o
  CC      drivers/ata/libata-transport.o
  CC [M]  drivers/gpu/drm/nouveau/nvif/userc361.o
  CC      fs/mnt_idmapping.o
  CC      kernel/bpf/dispatcher.o
  CC      kernel/uid16.o
  CC      kernel/bpf/devmap.o
  CC      kernel/module_signature.o
  CC      drivers/vfio/group.o
  CC      drivers/net/phy/mdio_device.o
  CC      drivers/scsi/constants.o
  CC      drivers/vfio/container.o
  CC      kernel/kallsyms.o
  CC      drivers/vfio/virqfd.o
  CC      drivers/vfio/vfio_iommu_type1.o
  LD [M]  drivers/gpu/drm/ttm/ttm.o
  AR      drivers/spi/built-in.a
  CC      drivers/usb/common/common.o
  CC      drivers/ata/libata-trace.o
  CC      drivers/ata/libata-sata.o
  CC      drivers/ata/libata-sff.o
  CC      drivers/vfio/pci/vfio_pci_intrs.o
  CC      drivers/vfio/pci/vfio_pci_rdwr.o
  CC [M]  drivers/gpu/drm/nouveau/nvkm/core/client.o
  CC [M]  drivers/gpu/drm/nouveau/nvkm/core/enum.o
  CC [M]  drivers/gpu/drm/nouveau/nvkm/core/engine.o
  CC      drivers/ata/libata-pmp.o
  CC      drivers/mfd/da9052-irq.o
  CC      kernel/bpf/cpumap.o
  CC      lib/genalloc.o
  CC [M]  drivers/gpu/drm/drm_managed.o
  CC      fs/remap_range.o
  CC      kernel/bpf/offload.o
  CC      kernel/acct.o
  CC      fs/pidfs.o
  CC [M]  drivers/scsi/mpt3sas/mpt3sas_debugfs.o
  CC      drivers/scsi/scsi_lib_dma.o
  CC      fs/file_attr.o
  CC [M]  drivers/gpu/drm/drm_mm.o
  CC      drivers/ata/libata-acpi.o
  CC      drivers/ata/libata-zpodd.o
  CC      drivers/vfio/pci/vfio_pci_config.o
  CC      kernel/vmcore_info.o
  CC [M]  drivers/gpu/drm/drm_mode_config.o
  CC      kernel/elfcorehdr.o
  CC      kernel/crash_reserve.o
  CC      drivers/mfd/da9052-core.o
  CC      drivers/scsi/scsi_scan.o
  CC      drivers/mfd/da9052-spi.o
  CC      drivers/mfd/da9052-i2c.o
  CC      drivers/mfd/lp8788.o
  CC      kernel/bpf/net_namespace.o
  CC [M]  drivers/gpu/drm/nouveau/nvkm/core/event.o
  CC [M]  drivers/gpu/drm/nouveau/nvkm/core/firmware.o
  CC      drivers/usb/common/debug.o
  CC      drivers/net/phy/swphy.o
  LD [M]  drivers/scsi/mpt3sas/mpt3sas.o
  AR      drivers/cdrom/built-in.a
  CC      drivers/ata/libata-pata-timings.o
  CC      drivers/ata/ata_piix.o
  CC      drivers/usb/common/led.o
  GEN     drivers/scsi/scsi_devinfo_tbl.c
  CC      drivers/ata/pata_sis.o
  CC      drivers/vfio/pci/vfio_pci.o
  CC      drivers/vfio/pci/vfio_pci_igd.o
  CC      drivers/ata/ata_generic.o
  CC      kernel/kexec_core.o
  CC      drivers/mfd/lp8788-irq.o
  CC [M]  drivers/ata/ahci.o
  CC      lib/percpu_counter.o
  CC      lib/iommu-helper.o
  CC      kernel/crash_core.o
  CC [M]  drivers/gpu/drm/drm_mode_object.o
  CC [M]  drivers/gpu/drm/drm_modes.o
  CC [M]  drivers/ata/libahci.o
  CC [M]  drivers/ata/acard-ahci.o
  CC      drivers/scsi/scsi_devinfo.o
  CC      kernel/bpf/tcx.o
  CC [M]  drivers/gpu/drm/drm_modeset_lock.o
  CC [M]  drivers/gpu/drm/drm_plane.o
  CC      kernel/bpf/stackmap.o
  CC      drivers/net/phy/phy_led_triggers.o
  CC [M]  drivers/ata/ahci_platform.o
  CC      drivers/net/phy/mdio_devres.o
  CC      kernel/bpf/cgroup_iter.o
  CC      drivers/net/phy/mii_timestamper.o
  CC [M]  drivers/gpu/drm/nouveau/nvkm/core/gpuobj.o
  CC [M]  drivers/gpu/drm/nouveau/nvkm/core/intr.o
  CC      kernel/kexec.o
  CC      drivers/input/serio/serio.o
  CC      fs/fserror.o
  CC      drivers/input/serio/i8042.o
  CC      drivers/input/serio/libps2.o
  CC      drivers/mfd/da9055-core.o
  CC [M]  drivers/ata/libahci_platform.o
  CC      lib/error-inject.o
  CC      drivers/mfd/da9055-i2c.o
  CC      fs/nullfs.o
  CC      fs/buffer.o
  AR      drivers/usb/common/built-in.a
  CC      fs/mpage.o
  CC      drivers/usb/core/usb.o
  AR      drivers/vfio/pci/built-in.a
  AR      drivers/vfio/built-in.a
  CC      drivers/usb/core/hub.o
  CC      drivers/usb/core/hcd.o
  CC      drivers/scsi/scsi_sysctl.o
  CC [M]  drivers/gpu/drm/drm_prime.o
  CC [M]  drivers/gpu/drm/drm_print.o
  CC      drivers/scsi/scsi_proc.o
  CC      kernel/kexec_file.o
  CC      drivers/usb/core/urb.o
  CC      drivers/rtc/lib.o
  CC      drivers/input/keyboard/atkbd.o
  CC      drivers/mfd/da9063-core.o
  CC      drivers/scsi/scsi_debugfs.o
  CC      drivers/net/phy/bcm84881.o
  CC      kernel/bpf/bpf_cgrp_storage.o
  CC      lib/syscall.o
  CC      kernel/compat.o
  AR      drivers/usb/phy/built-in.a
  CC      kernel/utsname.o
  CC      drivers/usb/dwc2/core.o
  CC      drivers/mfd/da9063-irq.o
  CC      drivers/usb/dwc2/core_intr.o
  CC [M]  drivers/gpu/drm/nouveau/nvkm/core/ioctl.o
  CC [M]  drivers/gpu/drm/drm_property.o
  CC      drivers/usb/dwc2/platform.o
  CC [M]  drivers/gpu/drm/drm_rect.o
  CC      drivers/usb/dwc2/drd.o
  CC      drivers/scsi/scsi_trace.o
  CC [M]  drivers/gpu/drm/drm_syncobj.o
  CC [M]  drivers/gpu/drm/drm_sysfs.o
  CC      drivers/usb/core/message.o
  AR      drivers/input/mouse/built-in.a
  CC      fs/proc_namespace.o
  AR      drivers/net/ethernet/3com/built-in.a
  AR      drivers/net/ethernet/8390/built-in.a
  AR      drivers/net/ethernet/adaptec/built-in.a
  CC      drivers/usb/dwc2/params.o
  AR      drivers/net/ethernet/agere/built-in.a
  AR      drivers/net/ethernet/adi/built-in.a
  CC      drivers/usb/dwc2/hcd.o
  CC      lib/dynamic_debug.o
  AR      drivers/net/ethernet/alacritech/built-in.a
  CC      drivers/net/phy/fixed_phy.o
  AR      drivers/net/ethernet/alibaba/built-in.a
  AR      drivers/net/fddi/built-in.a
  AR      drivers/net/ethernet/amazon/built-in.a
  AR      drivers/net/ethernet/amd/built-in.a
  AR      drivers/net/ethernet/aquantia/built-in.a
  CC      drivers/mfd/da9063-i2c.o
  CC      drivers/net/ppp/ppp_generic.o
  AR      drivers/net/ethernet/arc/built-in.a
  AR      drivers/net/ethernet/asix/built-in.a
  AR      drivers/net/ethernet/atheros/built-in.a
  AR      drivers/net/ethernet/cadence/built-in.a
  CC      drivers/usb/dwc2/hcd_intr.o
  AR      drivers/net/ethernet/broadcom/built-in.a
  AR      drivers/net/ethernet/brocade/built-in.a
  AR      drivers/net/ethernet/cavium/common/built-in.a
  AR      drivers/net/ethernet/chelsio/built-in.a
  AR      drivers/net/ethernet/cavium/thunder/built-in.a
  AR      drivers/net/ethernet/cavium/liquidio/built-in.a
  CC      drivers/usb/core/driver.o
  AR      drivers/net/ethernet/cavium/octeon/built-in.a
  AR      drivers/net/ethernet/cavium/built-in.a
  AR      drivers/net/ethernet/cisco/built-in.a
  CC [M]  drivers/gpu/drm/drm_trace_points.o
  AR      drivers/net/ethernet/cortina/built-in.a
  CC [M]  drivers/gpu/drm/drm_vblank.o
  CC [M]  drivers/gpu/drm/drm_vblank_work.o
  CC      drivers/rtc/class.o
  AR      drivers/net/ethernet/dec/tulip/built-in.a
  AR      drivers/net/ethernet/dec/built-in.a
  AR      drivers/net/ethernet/dlink/built-in.a
  AR      drivers/net/ethernet/emulex/built-in.a
  AR      drivers/net/ethernet/engleder/built-in.a
  AR      drivers/input/keyboard/built-in.a
  AR      drivers/net/ethernet/ezchip/built-in.a
  AR      drivers/net/ethernet/fungible/built-in.a
  AR      drivers/input/joystick/built-in.a
  AR      drivers/net/ethernet/google/built-in.a
  AR      drivers/input/tablet/built-in.a
  AR      drivers/net/ethernet/hisilicon/built-in.a
  CC      fs/direct-io.o
  CC [M]  drivers/gpu/drm/nouveau/nvkm/core/memory.o
  AR      drivers/net/ethernet/huawei/built-in.a
  CC      fs/eventpoll.o
  CC      drivers/input/touchscreen/elants_i2c.o
  AR      drivers/net/ethernet/intel/libie/built-in.a
  CC [M]  drivers/net/ethernet/intel/libie/adminq.o
  AR      drivers/ata/built-in.a
  CC      drivers/scsi/scsi_logging.o
  CC      kernel/bpf/cgroup.o
  CC      drivers/usb/host/pci-quirks.o
  CC      lib/errname.o
  CC [M]  drivers/gpu/drm/drm_vma_manager.o
  CC      kernel/user_namespace.o
  CC      drivers/mfd/max14577.o
  CC      drivers/mfd/max77693.o
  CC      drivers/mfd/max77843.o
  CC      drivers/mfd/max8925-core.o
  AR      drivers/input/serio/built-in.a
  CC      drivers/mfd/max8925-i2c.o
  CC      drivers/net/slip/slhc.o
  CC      fs/anon_inodes.o
  CC      drivers/mfd/max8997.o
  AR      drivers/net/ethernet/i825xx/built-in.a
  CC      drivers/usb/core/config.o
  CC      drivers/usb/core/file.o
  CC      kernel/pid_namespace.o
  CC      kernel/stop_machine.o
  CC      kernel/audit.o
  CC      kernel/auditfilter.o
  CC [M]  drivers/gpu/drm/nouveau/nvkm/core/mm.o
  CC [M]  drivers/gpu/drm/nouveau/nvkm/core/object.o
  CC [M]  drivers/net/ethernet/intel/libie/fwlog.o
  CC      drivers/rtc/interface.o
  LD [M]  drivers/net/ethernet/intel/libie/libie_adminq.o
  CC      kernel/auditsc.o
  CC      drivers/rtc/nvmem.o
  AR      drivers/net/wan/framer/built-in.a
  AR      drivers/net/wan/built-in.a
  CC      fs/signalfd.o
  CC      drivers/mfd/max8997-irq.o
  CC      fs/timerfd.o
  CC      drivers/usb/dwc2/hcd_queue.o
  CC      fs/eventfd.o
  AR      drivers/input/touchscreen/built-in.a
  CC      drivers/input/misc/uinput.o
  AR      drivers/net/phy/built-in.a
  CC      kernel/audit_watch.o
  CC      kernel/audit_fsnotify.o
  CC [M]  drivers/gpu/drm/drm_writeback.o
  CC      drivers/usb/dwc2/hcd_ddma.o
  CC      drivers/scsi/scsi_pm.o
  CC      drivers/usb/core/buffer.o
  CC      drivers/usb/dwc2/debugfs.o
  CC      fs/aio.o
  CC      kernel/audit_tree.o
  CC      drivers/usb/host/ehci-hcd.o
  CC      drivers/mfd/max8998.o
  CC      drivers/mfd/max8998-irq.o
  CC [M]  drivers/gpu/drm/nouveau/nvkm/core/oproxy.o
  CC      drivers/usb/core/sysfs.o
  CC      drivers/mfd/adp5520.o
  CC [M]  drivers/gpu/drm/nouveau/nvkm/core/option.o
  CC [M]  drivers/gpu/drm/nouveau/nvkm/core/ramht.o
  CC      drivers/mfd/tps6586x.o
  CC      kernel/kprobes.o
  AR      drivers/i2c/algos/built-in.a
  CC [M]  drivers/i2c/algos/i2c-algo-bit.o
  AR      drivers/i3c/built-in.a
  CC      drivers/mfd/tps65090.o
  AR      drivers/media/i2c/built-in.a
  AR      drivers/media/tuners/built-in.a
  AR      drivers/media/rc/keymaps/built-in.a
  CC      lib/nlattr.o
  CC [M]  drivers/media/rc/rc-main.o
  CC      kernel/hung_task.o
  CC [M]  drivers/media/rc/rc-ir-raw.o
  CC      kernel/watchdog.o
  AR      drivers/input/misc/built-in.a
  CC      drivers/input/input.o
  CC      drivers/scsi/scsi_dh.o
  CC      drivers/usb/core/endpoint.o
  CC      kernel/watchdog_perf.o
  CC      kernel/bpf/reuseport_array.o
  CC      drivers/input/input-compat.o
  AR      drivers/net/wireless/admtek/built-in.a
  CC      drivers/net/loopback.o
  CC      kernel/seccomp.o
  AR      drivers/net/wireless/ath/built-in.a
  LD [M]  drivers/net/ethernet/intel/libie/libie_fwlog.o
  AR      drivers/net/wireless/atmel/built-in.a
  CC      kernel/relay.o
  AR      drivers/net/wireless/broadcom/built-in.a
  CC [M]  drivers/net/ethernet/intel/ixgbe/ixgbe_main.o
  AR      drivers/net/wireless/intel/built-in.a
  AR      drivers/net/wireless/intersil/built-in.a
  AR      drivers/net/wireless/marvell/built-in.a
  AR      drivers/net/wireless/mediatek/built-in.a
  AR      drivers/net/wireless/microchip/built-in.a
  AR      drivers/net/wireless/purelifi/built-in.a
  AR      drivers/net/wireless/quantenna/built-in.a
  AR      drivers/net/wireless/ralink/built-in.a
  AR      drivers/net/wireless/realtek/built-in.a
  AR      drivers/net/wireless/rsi/built-in.a
  CC [M]  drivers/net/ethernet/intel/ixgbe/ixgbe_common.o
  AR      drivers/net/wireless/silabs/built-in.a
  AR      drivers/net/wireless/st/built-in.a
  AR      drivers/net/wireless/zydas/built-in.a
  AR      drivers/net/wireless/ti/built-in.a
  AR      drivers/usb/dwc2/built-in.a
  AR      drivers/net/wireless/virtual/built-in.a
  CC [M]  drivers/gpu/drm/nouveau/nvkm/core/subdev.o
  AR      drivers/net/wireless/built-in.a
  CC [M]  drivers/gpu/drm/drm_client.o
  CC [M]  drivers/gpu/drm/nouveau/nvkm/core/uevent.o
  CC      drivers/rtc/dev.o
  AR      drivers/net/ppp/built-in.a
  CC      fs/dax.o
  CC      kernel/utsname_sysctl.o
  CC      drivers/scsi/scsi_bsg.o
  CC      kernel/bpf/sysfs_btf.o
  CC      drivers/usb/host/ehci-pci.o
  CC      drivers/scsi/scsi_common.o
  CC [M]  drivers/gpu/drm/nouveau/nvkm/nvfw/fw.o
  AR      drivers/net/slip/built-in.a
  CC      drivers/net/tun.o
  CC      drivers/usb/core/devio.o
  CC [M]  drivers/media/rc/lirc_dev.o
  CC      kernel/delayacct.o
  CC      kernel/taskstats.o
  CC      drivers/mfd/aat2870-core.o
  CC      lib/cpu_rmap.o
  CC      drivers/rtc/proc.o
  CC      drivers/rtc/sysfs.o
  CC      drivers/rtc/rtc-mc146818-lib.o
  AR      drivers/net/ethernet/microsoft/built-in.a
  AR      drivers/net/ethernet/litex/built-in.a
  CC      drivers/rtc/rtc-cmos.o
  CC [M]  drivers/gpu/drm/nouveau/nvkm/nvfw/hs.o
  CC      fs/locks.o
  CC      drivers/scsi/sd.o
  CC      kernel/bpf/bpf_struct_ops.o
  CC      drivers/scsi/sd_dif.o
  CC      drivers/i2c/busses/i2c-designware-common.o
  AR      drivers/i2c/muxes/built-in.a
  CC      drivers/i2c/busses/i2c-designware-master.o
  CC      drivers/i2c/busses/i2c-designware-platdrv.o
  CC      drivers/i2c/busses/i2c-designware-baytrail.o
  CC      drivers/i2c/i2c-boardinfo.o
  AR      drivers/net/ethernet/intel/built-in.a
  AR      drivers/pps/clients/built-in.a
  CC      drivers/pps/pps.o
  CC      drivers/usb/host/ehci-platform.o
  CC [M]  drivers/gpu/drm/nouveau/nvkm/nvfw/ls.o
  CC      kernel/tsacct.o
  CC [M]  drivers/gpu/drm/nouveau/nvkm/nvfw/acr.o
  AR      drivers/media/rc/built-in.a
  CC      kernel/tracepoint.o
  CC      drivers/ptp/ptp_clock.o
  CC      drivers/ptp/ptp_chardev.o
  CC      kernel/irq_work.o
  CC      drivers/i2c/i2c-core-base.o
  CC      kernel/static_call.o
  CC      kernel/static_call_inline.o
  CC      drivers/mfd/palmas.o
  CC      lib/dynamic_queue_limits.o
  CC      lib/glob.o
  CC      kernel/user-return-notifier.o
  CC [M]  drivers/gpu/drm/nouveau/nvkm/nvfw/flcn.o
  LD [M]  drivers/media/rc/rc-core.o
  CC      drivers/scsi/sd_zbc.o
  CC      drivers/input/input-mt.o
  AR      drivers/media/common/b2c2/built-in.a
  AR      drivers/media/common/saa7146/built-in.a
  CC      drivers/scsi/sr.o
  AR      drivers/media/common/siano/built-in.a
  AR      drivers/media/common/v4l2-tpg/built-in.a
  AR      drivers/media/common/videobuf2/built-in.a
  AR      drivers/media/common/built-in.a
  CC      fs/binfmt_script.o
  CC      fs/binfmt_elf.o
  AR      drivers/media/platform/allegro-dvt/built-in.a
  CC      drivers/i2c/i2c-core-smbus.o
  CC      kernel/padata.o
  CC      kernel/jump_label.o
  AR      drivers/media/platform/amd/isp4/built-in.a
  AR      drivers/media/platform/amd/built-in.a
  CC      drivers/i2c/i2c-core-acpi.o
  AR      drivers/media/platform/amlogic/c3/isp/built-in.a
  CC      drivers/i2c/i2c-dev.o
  AR      drivers/media/platform/amlogic/c3/mipi-adapter/built-in.a
  AR      drivers/media/platform/amlogic/c3/mipi-csi2/built-in.a
  AR      drivers/media/platform/amlogic/c3/built-in.a
  AR      drivers/rtc/built-in.a
  AR      drivers/media/platform/amlogic/meson-ge2d/built-in.a
  AR      drivers/media/platform/amlogic/built-in.a
  CC      lib/digsig.o
  CC      drivers/usb/host/ohci-hcd.o
  AR      drivers/media/platform/amphion/built-in.a
  AR      drivers/media/platform/aspeed/built-in.a
  AR      drivers/media/platform/arm/mali-c55/built-in.a
  CC      drivers/usb/host/ohci-pci.o
  AR      drivers/media/platform/arm/built-in.a
  AR      drivers/media/platform/atmel/built-in.a
  AR      drivers/media/platform/broadcom/built-in.a
  AR      drivers/media/platform/cadence/built-in.a
  AR      drivers/media/platform/chips-media/coda/built-in.a
  CC      drivers/power/reset/restart-poweroff.o
  AR      drivers/media/platform/chips-media/wave5/built-in.a
  AR      drivers/media/platform/chips-media/built-in.a
  CC      drivers/power/supply/power_supply_core.o
  AR      drivers/media/platform/imagination/built-in.a
  AR      drivers/media/platform/intel/built-in.a
  AR      drivers/media/platform/marvell/built-in.a
  CC      drivers/pps/kapi.o
  AR      drivers/media/platform/mediatek/jpeg/built-in.a
  AR      drivers/media/platform/mediatek/mdp/built-in.a
  CC      fs/compat_binfmt_elf.o
  AR      drivers/media/pci/ttpci/built-in.a
  AR      drivers/media/pci/b2c2/built-in.a
  AR      drivers/media/platform/mediatek/vcodec/common/built-in.a
  AR      drivers/media/pci/pluto2/built-in.a
  AR      drivers/media/platform/mediatek/vcodec/encoder/built-in.a
  AR      drivers/media/pci/dm1105/built-in.a
  AR      drivers/media/platform/mediatek/vcodec/decoder/built-in.a
  AR      drivers/media/platform/mediatek/vcodec/built-in.a
  AR      drivers/media/pci/pt1/built-in.a
  AR      drivers/media/platform/mediatek/vpu/built-in.a
  AR      drivers/media/pci/pt3/built-in.a
  AR      drivers/media/platform/mediatek/mdp3/built-in.a
  AR      drivers/media/platform/mediatek/built-in.a
  AR      drivers/media/pci/mantis/built-in.a
  AR      drivers/media/pci/ngene/built-in.a
  CC      fs/backing-file.o
  AR      drivers/media/platform/microchip/built-in.a
  AR      drivers/media/platform/nuvoton/built-in.a
  CC      kernel/context_tracking.o
  AR      drivers/media/pci/ddbridge/built-in.a
  AR      drivers/media/pci/saa7146/built-in.a
  AR      drivers/media/pci/smipcie/built-in.a
  CC      drivers/usb/core/notify.o
  AR      drivers/media/platform/nvidia/tegra-vde/built-in.a
  AR      drivers/media/pci/netup_unidvb/built-in.a
  AR      drivers/media/platform/nvidia/built-in.a
  AR      drivers/media/pci/intel/ipu3/built-in.a
  AR      drivers/media/platform/nxp/imx-jpeg/built-in.a
  AR      drivers/media/platform/nxp/dw100/built-in.a
  AR      drivers/media/pci/intel/ivsc/built-in.a
  AR      drivers/media/pci/intel/built-in.a
  AR      drivers/media/pci/built-in.a
  AR      drivers/media/platform/qcom/camss/built-in.a
  AR      drivers/media/platform/nxp/imx8-isi/built-in.a
  AR      drivers/media/platform/qcom/iris/built-in.a
  AR      drivers/media/platform/nxp/built-in.a
  CC      drivers/mfd/rc5t583.o
  AR      drivers/media/platform/qcom/venus/built-in.a
  AR      drivers/media/platform/qcom/built-in.a
  AR      drivers/media/platform/renesas/rcar-isp/built-in.a
  AR      drivers/media/platform/renesas/rcar-vin/built-in.a
  AR      drivers/media/platform/raspberrypi/pisp_be/built-in.a
  AR      drivers/media/platform/raspberrypi/rp1-cfe/built-in.a
  CC      lib/strncpy_from_user.o
  AR      drivers/media/platform/renesas/rzg2l-cru/built-in.a
  AR      drivers/media/usb/b2c2/built-in.a
  CC      drivers/input/input-poller.o
  AR      drivers/media/platform/raspberrypi/built-in.a
  AR      drivers/media/usb/dvb-usb/built-in.a
  AR      drivers/media/platform/renesas/rzv2h-ivc/built-in.a
  CC      drivers/input/ff-core.o
  AR      drivers/media/usb/dvb-usb-v2/built-in.a
  AR      drivers/media/platform/renesas/vsp1/built-in.a
  AR      drivers/media/usb/s2255/built-in.a
  AR      drivers/media/platform/renesas/built-in.a
  AR      drivers/media/usb/siano/built-in.a
  AR      drivers/media/usb/ttusb-budget/built-in.a
  CC [M]  drivers/gpu/drm/nouveau/nvkm/falcon/base.o
  AR      drivers/media/platform/rockchip/rga/built-in.a
  AR      drivers/media/usb/ttusb-dec/built-in.a
  AR      drivers/media/platform/rockchip/rkcif/built-in.a
  AR      drivers/media/usb/built-in.a
  AR      drivers/media/platform/rockchip/rkisp1/built-in.a
  CC      kernel/iomem.o
  AR      drivers/media/platform/rockchip/rkvdec/built-in.a
  AR      drivers/media/platform/rockchip/built-in.a
  CC      kernel/rseq.o
  AR      drivers/media/mmc/siano/built-in.a
  AR      drivers/media/mmc/built-in.a
  AR      drivers/power/reset/built-in.a
  CC      drivers/usb/core/generic.o
  CC      drivers/usb/core/quirks.o
  AR      drivers/media/platform/samsung/exynos-gsc/built-in.a
  AR      drivers/i2c/busses/built-in.a
  CC      drivers/usb/core/devices.o
  AR      drivers/media/platform/samsung/exynos4-is/built-in.a
  CC      lib/strnlen_user.o
  AR      drivers/media/platform/samsung/s3c-camif/built-in.a
  AR      drivers/media/platform/samsung/s5p-g2d/built-in.a
  AR      drivers/media/platform/samsung/s5p-jpeg/built-in.a
  AR      drivers/media/platform/st/sti/bdisp/built-in.a
  AR      drivers/media/platform/samsung/s5p-mfc/built-in.a
  AR      drivers/media/platform/st/sti/delta/built-in.a
  AR      drivers/media/platform/samsung/built-in.a
  AR      drivers/media/platform/st/sti/hva/built-in.a
  AR      drivers/media/platform/st/stm32/built-in.a
  CC      drivers/mfd/rc5t583-irq.o
  AR      drivers/media/platform/st/built-in.a
  AR      drivers/media/platform/sunxi/sun4i-csi/built-in.a
  AR      drivers/media/platform/sunxi/sun6i-csi/built-in.a
  CC      drivers/power/supply/power_supply_sysfs.o
  AR      drivers/media/platform/sunxi/sun6i-mipi-csi2/built-in.a
  AR      drivers/media/platform/sunxi/sun8i-a83t-mipi-csi2/built-in.a
  AR      drivers/media/platform/sunxi/sun8i-di/built-in.a
  AR      drivers/media/platform/sunxi/sun8i-rotate/built-in.a
  AR      drivers/media/platform/sunxi/built-in.a
  CC      drivers/power/supply/power_supply_leds.o
  CC      drivers/net/xen-netfront.o
  CC      drivers/ptp/ptp_sysfs.o
  AR      drivers/media/platform/synopsys/hdmirx/built-in.a
  AR      drivers/media/platform/synopsys/built-in.a
  AR      drivers/media/platform/ti/cal/built-in.a
  AR      drivers/media/platform/ti/am437x/built-in.a
  CC      drivers/mfd/syscon.o
  AR      drivers/media/platform/ti/vpe/built-in.a
  CC      lib/net_utils.o
  AR      drivers/media/platform/ti/davinci/built-in.a
  CC      kernel/watch_queue.o
  CC      drivers/scsi/sr_ioctl.o
  AR      drivers/media/platform/ti/j721e-csi2rx/built-in.a
  CC      kernel/bpf/cpumask.o
  AR      drivers/media/platform/ti/omap/built-in.a
  AR      drivers/media/platform/ti/omap3isp/built-in.a
  AR      drivers/media/platform/ti/built-in.a
  CC      drivers/scsi/sr_vendor.o
  CC      drivers/usb/host/ohci-platform.o
  AR      drivers/media/platform/verisilicon/built-in.a
  AR      drivers/media/platform/via/built-in.a
  AR      drivers/media/platform/xilinx/built-in.a
  CC      drivers/mfd/as3711.o
  AR      drivers/media/platform/built-in.a
  CC      drivers/pps/sysfs.o
  CC      drivers/mfd/intel_soc_pmic_crc.o
  CC [M]  drivers/gpu/drm/drm_client_event.o
  AR      drivers/media/firewire/built-in.a
  AR      drivers/media/spi/built-in.a
  AR      drivers/media/test-drivers/built-in.a
  AR      drivers/media/built-in.a
  CC      drivers/mfd/intel_soc_pmic_chtwc.o
  CC [M]  drivers/gpu/drm/drm_client_modeset.o
  CC [M]  drivers/mfd/lpc_ich.o
  CC      drivers/usb/host/uhci-hcd.o
  CC      drivers/usb/host/xhci.o
  AR      drivers/usb/storage/built-in.a
  CC [M]  drivers/net/mdio.o
  CC      drivers/power/supply/power_supply_hwmon.o
  CC [M]  drivers/gpu/drm/nouveau/nvkm/falcon/cmdq.o
  CC      lib/sg_pool.o
  CC      drivers/power/supply/charger-manager.o
  UPD     kernel/config_data
  GZIP    kernel/config_data.gz
  CC      drivers/input/touchscreen.o
  CC      drivers/input/touch-overlay.o
  CC      drivers/hwmon/hwmon.o
  AR      drivers/thermal/broadcom/built-in.a
  AR      drivers/thermal/renesas/built-in.a
  AR      drivers/thermal/samsung/built-in.a
  CC [M]  drivers/hwmon/acpi_power_meter.o
  CC      lib/memregion.o
  CC      drivers/thermal/intel/intel_tcc.o
  AR      drivers/pps/built-in.a
  CC      drivers/scsi/sg.o
  CC      lib/irq_poll.o
  CC      lib/stackdepot.o
  CC      drivers/usb/core/phy.o
  CC      drivers/ptp/ptp_vclock.o
  CC      drivers/usb/core/port.o
  CC [M]  drivers/scsi/raid_class.o
  CC      fs/mbcache.o
  CC      drivers/usb/core/trace.o
  CC      drivers/usb/core/hcd-pci.o
  CC [M]  drivers/gpu/drm/drm_client_sysrq.o
  CC [M]  drivers/scsi/scsi_transport_sas.o
  CC      kernel/bpf/bpf_lsm_proto.o
  CC      lib/bootconfig.o
  CC [M]  drivers/gpu/drm/drm_ioc32.o
  CC [M]  drivers/gpu/drm/drm_panel.o
  AR      drivers/i2c/built-in.a
  CC      fs/posix_acl.o
  CC      lib/asn1_decoder.o
  CC [M]  drivers/gpu/drm/nouveau/nvkm/falcon/fw.o
  CC [M]  kernel/configs.o
  CC      drivers/thermal/intel/therm_throt.o
  CC [M]  drivers/gpu/drm/nouveau/nvkm/falcon/msgq.o
  CC [M]  drivers/gpu/drm/nouveau/nvkm/falcon/qmgr.o
  CC [M]  drivers/gpu/drm/nouveau/nvkm/falcon/v1.o
  CC [M]  drivers/gpu/drm/nouveau/nvkm/falcon/gm200.o
  CC [M]  drivers/gpu/drm/nouveau/nvkm/falcon/gp102.o
  CC [M]  drivers/gpu/drm/nouveau/nvkm/falcon/tu102.o
  CC      fs/coredump.o
  AR      drivers/power/supply/built-in.a
  AR      drivers/power/built-in.a
  CC [M]  drivers/thermal/intel/intel_powerclamp.o
  AR      drivers/usb/misc/built-in.a
  CC      drivers/usb/core/usb-acpi.o
  CC      drivers/usb/early/ehci-dbgp.o
  CC      drivers/input/vivaldi-fmap.o
  CC      drivers/usb/early/xhci-dbc.o
  CC [M]  drivers/gpu/drm/nouveau/nvkm/falcon/ga100.o
  CC [M]  drivers/gpu/drm/nouveau/nvkm/falcon/ga102.o
  AR      drivers/mfd/built-in.a
  CC [M]  drivers/gpu/drm/nouveau/nvkm/subdev/acr/base.o
  CC      drivers/usb/roles/class.o
  CC      lib/asn1_encoder.o
  CC      kernel/bpf/bpf_lsm.o
  CC      kernel/bpf/crypto.o
  CC [M]  drivers/hwmon/coretemp.o
  CC      fs/drop_caches.o
  GEN     lib/oid_registry_data.c
  CC [M]  drivers/gpu/drm/nouveau/nvkm/subdev/acr/lsfw.o
  CC      lib/ucs2_string.o
  AR      drivers/ptp/built-in.a
  CC      drivers/watchdog/watchdog_core.o
  CC      lib/ubsan.o
  CC      lib/sbitmap.o
  AR      drivers/accessibility/braille/built-in.a
  CC      drivers/md/md.o
  AR      drivers/accessibility/built-in.a
  CC      kernel/bpf/relo_core.o
  CC      drivers/input/mousedev.o
  CC [M]  drivers/gpu/drm/nouveau/nvkm/subdev/acr/gm200.o
  CC [M]  drivers/gpu/drm/drm_pci.o
  CC      lib/group_cpus.o
  CC [M]  drivers/scsi/ses.o
  CC      drivers/usb/host/xhci-mem.o
  CC [M]  drivers/gpu/drm/nouveau/nvkm/subdev/acr/gm20b.o
  CC [M]  drivers/thermal/intel/x86_pkg_temp_thermal.o
  CC [M]  drivers/gpu/drm/nouveau/nvkm/subdev/acr/gp102.o
  CC [M]  drivers/gpu/drm/nouveau/nvkm/subdev/acr/gp108.o
  CC      lib/fw_table.o
  CC      kernel/bpf/btf_iter.o
  CC [M]  drivers/gpu/drm/nouveau/nvkm/subdev/acr/gv100.o
  CC      kernel/bpf/btf_relocate.o
  CC [M]  drivers/thermal/intel/intel_pch_thermal.o
  CC [M]  drivers/gpu/drm/nouveau/nvkm/subdev/acr/gp10b.o
  AR      lib/lib.a
  AR      drivers/hwmon/built-in.a
  CC      fs/sysctls.o
  CC      drivers/usb/host/xhci-ext-caps.o
  CC      fs/fhandle.o
  CC      drivers/edac/edac_mc.o
  AR      drivers/thermal/st/built-in.a
  CC      kernel/bpf/kmem_cache_iter.o
  AR      drivers/usb/roles/built-in.a
  CC      kernel/bpf/dmabuf_iter.o
  AR      drivers/net/ethernet/marvell/octeon_ep_vf/built-in.a
  AR      drivers/net/ethernet/marvell/octeon_ep/built-in.a
  AR      drivers/net/ethernet/marvell/octeontx2/built-in.a
  CC [M]  drivers/gpu/drm/nouveau/nvkm/subdev/acr/tu102.o
  AR      drivers/net/ethernet/marvell/prestera/built-in.a
  AR      drivers/net/ethernet/marvell/built-in.a
  AR      drivers/net/ethernet/meta/built-in.a
  CC      drivers/opp/core.o
  CC      drivers/opp/cpu.o
  CC [M]  drivers/net/ethernet/mellanox/mlxfw/mlxfw_fsm.o
  CC [M]  drivers/net/ethernet/mellanox/mlx5/core/main.o
  AR      drivers/usb/core/built-in.a
  AR      drivers/net/ethernet/micrel/built-in.a
  CC [M]  drivers/gpu/drm/nouveau/nvkm/subdev/acr/ga100.o
  CC      fs/bpf_fs_kfuncs.o
  AR      drivers/thermal/qcom/built-in.a
  CC      drivers/watchdog/watchdog_dev.o
  CC [M]  drivers/net/ethernet/mellanox/mlx5/core/cmd.o
  CC      drivers/watchdog/watchdog_pretimeout.o
  CC      drivers/input/evdev.o
  AR      drivers/usb/early/built-in.a
  CC      drivers/md/md-bitmap.o
  CC [M]  fs/binfmt_misc.o
  CC      drivers/watchdog/pretimeout_noop.o
  CC      drivers/md/md-autodetect.o
  CC      drivers/md/dm-init.o
  CC [M]  drivers/net/ethernet/intel/ixgbe/ixgbe_ethtool.o
  CC [M]  drivers/net/ethernet/intel/ixgbe/ixgbe_82599.o
  AR      drivers/net/ethernet/mellanox/built-in.a
  CC [M]  drivers/net/ethernet/intel/ixgbe/ixgbe_82598.o
  CC      drivers/scsi/scsi_sysfs.o
  CC [M]  drivers/net/ethernet/intel/ixgbe/ixgbe_phy.o
  CC [M]  drivers/net/ethernet/intel/ixgbe/ixgbe_sriov.o
  CC [M]  drivers/gpu/drm/nouveau/nvkm/subdev/acr/ga102.o
  CC      drivers/md/dm-uevent.o
  AR      drivers/thermal/intel/built-in.a
  AR      drivers/thermal/tegra/built-in.a
  AR      drivers/thermal/mediatek/built-in.a
  AR      drivers/thermal/spacemit/built-in.a
  CC      drivers/thermal/thermal_core.o
  CC      drivers/thermal/thermal_sysfs.o
  CC      drivers/thermal/thermal_trip.o
  CC      drivers/opp/debugfs.o
  CC      drivers/edac/edac_device.o
  CC      drivers/edac/edac_mc_sysfs.o
  CC      drivers/thermal/thermal_helpers.o
  AR      kernel/bpf/built-in.a
  AR      kernel/built-in.a
  CC      drivers/md/dm-zone.o
  CC      drivers/edac/edac_module.o
  CC [M]  drivers/gpu/drm/nouveau/nvkm/subdev/bar/base.o
  CC      drivers/edac/edac_device_sysfs.o
  CC      drivers/md/dm-ima.o
  CC      drivers/usb/host/xhci-ring.o
  CC      drivers/usb/host/xhci-hub.o
  CC      drivers/md/dm.o
  CC      drivers/usb/host/xhci-dbg.o
  CC [M]  drivers/net/ethernet/mellanox/mlx5/core/debugfs.o
  CC [M]  drivers/net/ethernet/mellanox/mlx5/core/fw.o
  CC [M]  drivers/net/ethernet/mellanox/mlx5/core/eq.o
  CC [M]  drivers/input/input-leds.o
  CC      drivers/thermal/thermal_thresholds.o
  CC      drivers/thermal/thermal_netlink.o
  CC [M]  drivers/gpu/drm/nouveau/nvkm/subdev/bar/nv50.o
  CC [M]  drivers/gpu/drm/nouveau/nvkm/subdev/bar/g84.o
  AR      drivers/watchdog/built-in.a
  CC      drivers/thermal/thermal_hwmon.o
  CC [M]  drivers/input/joydev.o
  AR      fs/built-in.a
  CC      drivers/edac/wq.o
  CC [M]  drivers/gpu/drm/drm_debugfs.o
  CC [M]  drivers/gpu/drm/drm_debugfs_crc.o
  CC [M]  drivers/gpu/drm/drm_edid_load.o
  CC [M]  drivers/gpu/drm/drm_exec.o
  CC [M]  drivers/gpu/drm/drm_gpuvm.o
  CC      drivers/thermal/gov_fair_share.o
  CC [M]  drivers/net/ethernet/mellanox/mlxfw/mlxfw_mfa2_tlv_multi.o
  AR      drivers/input/built-in.a
  CC      drivers/edac/edac_pci.o
  CC      drivers/thermal/gov_bang_bang.o
  CC      drivers/md/dm-table.o
  CC [M]  drivers/net/ethernet/intel/ixgbe/ixgbe_mbx.o
  CC [M]  drivers/net/ethernet/intel/ixgbe/ixgbe_x540.o
  CC      drivers/thermal/gov_step_wise.o
  CC      drivers/edac/edac_pci_sysfs.o
  CC      drivers/md/dm-target.o
  CC      drivers/md/dm-linear.o
  AR      drivers/scsi/built-in.a
  CC      drivers/edac/ghes_edac.o
  CC [M]  drivers/net/ethernet/mellanox/mlxfw/mlxfw_mfa2.o
  CC [M]  drivers/edac/skx_base.o
  CC      drivers/usb/host/xhci-trace.o
  CC      drivers/usb/host/xhci-dbgcap.o
  CC [M]  drivers/gpu/drm/nouveau/nvkm/subdev/bar/gf100.o
  CC [M]  drivers/net/ethernet/intel/ixgbe/ixgbe_x550.o
  AR      drivers/opp/built-in.a
  CC      drivers/thermal/gov_user_space.o
  CC [M]  drivers/gpu/drm/drm_gem_shmem_helper.o
  CC      drivers/thermal/gov_power_allocator.o
  CC      drivers/md/dm-stripe.o
  CC      drivers/md/dm-ioctl.o
  CC      drivers/md/dm-io.o
  CC [M]  drivers/gpu/drm/drm_fbdev_shmem.o
  CC      drivers/thermal/devfreq_cooling.o
  CC [M]  drivers/net/ethernet/intel/ixgbe/ixgbe_lib.o
  CC [M]  drivers/edac/skx_common.o
  CC      drivers/md/dm-kcopyd.o
  CC [M]  drivers/edac/i10nm_base.o
  CC      drivers/md/dm-sysfs.o
  CC [M]  drivers/net/ethernet/intel/ixgbe/ixgbe_xsk.o
  CC [M]  drivers/net/ethernet/intel/ixgbe/ixgbe_ptp.o
  AR      drivers/net/ethernet/microchip/built-in.a
  CC [M]  drivers/net/ethernet/intel/ixgbe/ixgbe_e610.o
  CC [M]  drivers/gpu/drm/nouveau/nvkm/subdev/bar/gk20a.o
  CC [M]  drivers/net/ethernet/intel/ixgbe/devlink/devlink.o
  CC [M]  drivers/gpu/drm/drm_gem_ttm_helper.o
  CC [M]  drivers/net/ethernet/intel/ixgbe/ixgbe_fw_update.o
  LD [M]  drivers/edac/skx_edac.o
  CC [M]  drivers/gpu/drm/nouveau/nvkm/subdev/bar/gm107.o
  LD [M]  drivers/net/ethernet/mellanox/mlxfw/mlxfw.o
  CC [M]  drivers/gpu/drm/nouveau/nvkm/subdev/bar/gm20b.o
  CC [M]  drivers/gpu/drm/nouveau/nvkm/subdev/bar/tu102.o
  CC      drivers/usb/host/xhci-dbgtty.o
  CC [M]  drivers/gpu/drm/drm_fbdev_ttm.o
  AR      drivers/edac/built-in.a
  CC      drivers/md/dm-stats.o
  CC      drivers/usb/host/xhci-debugfs.o
  CC [M]  drivers/gpu/drm/drm_atomic_helper.o
  CC [M]  drivers/gpu/drm/drm_atomic_state_helper.o
  CC [M]  drivers/gpu/drm/drm_bridge_helper.o
  CC      drivers/usb/host/xhci-pci.o
  CC [M]  drivers/usb/host/xhci-pci-renesas.o
  CC [M]  drivers/net/ethernet/mellanox/mlx5/core/uar.o
  CC [M]  drivers/gpu/drm/nouveau/nvkm/subdev/bios/base.o
  CC      drivers/md/dm-rq.o
  CC      drivers/md/dm-io-rewind.o
  CC [M]  drivers/gpu/drm/drm_crtc_helper.o
  AR      drivers/thermal/built-in.a
  CC      drivers/md/dm-builtin.o
  AR      drivers/net/ethernet/mscc/built-in.a
  CC [M]  drivers/gpu/drm/nouveau/nvkm/subdev/bios/bit.o
  CC [M]  drivers/gpu/drm/nouveau/nvkm/subdev/bios/boost.o
  LD [M]  drivers/edac/i10nm_edac.o
  AR      drivers/net/ethernet/mucse/built-in.a
  AR      drivers/net/ethernet/myricom/built-in.a
  CC [M]  drivers/gpu/drm/drm_damage_helper.o
  CC [M]  drivers/net/ethernet/mellanox/mlx5/core/pagealloc.o
  CC [M]  drivers/net/ethernet/intel/ixgbe/devlink/region.o
  CC [M]  drivers/net/ethernet/mellanox/mlx5/core/health.o
  CC [M]  drivers/gpu/drm/nouveau/nvkm/subdev/bios/conn.o
  CC [M]  drivers/md/md-linear.o
  CC [M]  drivers/md/raid0.o
  CC [M]  drivers/md/raid1.o
  CC [M]  drivers/net/ethernet/mellanox/mlx5/core/mcg.o
  CC [M]  drivers/md/raid10.o
  CC      lib/oid_registry.o
  CC [M]  drivers/net/ethernet/intel/ixgbe/ixgbe_dcb.o
  CC [M]  drivers/net/ethernet/mellanox/mlx5/core/cq.o
  CC [M]  drivers/net/ethernet/intel/ixgbe/ixgbe_dcb_82598.o
  CC [M]  drivers/gpu/drm/drm_flip_work.o
  CC [M]  drivers/md/raid5.o
  CC [M]  drivers/net/ethernet/intel/ixgbe/ixgbe_dcb_82599.o
  CC [M]  drivers/md/raid5-cache.o
  CC [M]  drivers/md/raid5-ppl.o
  CC [M]  drivers/gpu/drm/nouveau/nvkm/subdev/bios/cstep.o
  CC [M]  drivers/gpu/drm/nouveau/nvkm/subdev/bios/dcb.o
  LD [M]  drivers/edac/skx_edac_common.o
  CC [M]  drivers/gpu/drm/nouveau/nvkm/subdev/bios/disp.o
  CC      drivers/cpufreq/cpufreq.o
  CC [M]  drivers/gpu/drm/nouveau/nvkm/subdev/bios/dp.o
  CC [M]  drivers/gpu/drm/nouveau/nvkm/subdev/bios/extdev.o
  CC [M]  drivers/net/ethernet/mellanox/mlx5/core/alloc.o
  CC [M]  drivers/gpu/drm/nouveau/nvkm/subdev/bios/fan.o
  CC [M]  drivers/gpu/drm/nouveau/nvkm/subdev/bios/gpio.o
  CC [M]  drivers/gpu/drm/nouveau/nvkm/subdev/bios/i2c.o
  CC [M]  drivers/net/ethernet/mellanox/mlx5/core/port.o
  CC [M]  drivers/net/ethernet/intel/ixgbe/ixgbe_dcb_nl.o
  LD [M]  drivers/md/linear.o
  CC [M]  drivers/net/ethernet/intel/ixgbe/ixgbe_sysfs.o
  CC [M]  drivers/net/ethernet/intel/ixgbe/ixgbe_debugfs.o
  CC [M]  drivers/gpu/drm/nouveau/nvkm/subdev/bios/iccsense.o
  CC [M]  drivers/gpu/drm/nouveau/nvkm/subdev/bios/image.o
  AR      lib/built-in.a
  CC [M]  drivers/gpu/drm/nouveau/nvkm/subdev/bios/init.o
  CC      drivers/cpuidle/governors/ladder.o
  CC      drivers/cpuidle/cpuidle.o
  CC      drivers/cpufreq/freq_table.o
  CC [M]  drivers/net/ethernet/mellanox/mlx5/core/mr.o
  CC [M]  drivers/net/ethernet/mellanox/mlx5/core/pd.o
  CC [M]  drivers/net/ethernet/mellanox/mlx5/core/transobj.o
  CC [M]  drivers/gpu/drm/nouveau/nvkm/subdev/bios/mxm.o
  CC [M]  drivers/gpu/drm/nouveau/nvkm/subdev/bios/npde.o
  CC [M]  drivers/gpu/drm/nouveau/nvkm/subdev/bios/pcir.o
  CC [M]  drivers/gpu/drm/nouveau/nvkm/subdev/bios/perf.o
  CC [M]  drivers/gpu/drm/drm_format_helper.o
  CC [M]  drivers/gpu/drm/nouveau/nvkm/subdev/bios/pll.o
  CC [M]  drivers/net/ethernet/mellanox/mlx5/core/vport.o
  AR      drivers/usb/host/built-in.a
  CC [M]  drivers/gpu/drm/nouveau/nvkm/subdev/bios/pmu.o
  CC [M]  drivers/net/ethernet/mellanox/mlx5/core/sriov.o
  AR      drivers/md/built-in.a
  AR      drivers/usb/built-in.a
  CC [M]  drivers/gpu/drm/drm_gem_atomic_helper.o
  CC [M]  drivers/gpu/drm/drm_gem_framebuffer_helper.o
  CC [M]  drivers/net/ethernet/mellanox/mlx5/core/fs_cmd.o
  CC      drivers/cpuidle/driver.o
  CC [M]  drivers/gpu/drm/nouveau/nvkm/subdev/bios/power_budget.o
  CC      drivers/cpuidle/governor.o
  CC      drivers/cpuidle/governors/menu.o
  CC [M]  drivers/net/ethernet/mellanox/mlx5/core/fs_core.o
  CC [M]  drivers/net/ethernet/mellanox/mlx5/core/pci_irq.o
  CC [M]  drivers/net/ethernet/mellanox/mlx5/core/fs_counters.o
  CC [M]  drivers/net/ethernet/mellanox/mlx5/core/fs_ft_pool.o
  CC [M]  drivers/gpu/drm/nouveau/nvkm/subdev/bios/ramcfg.o
  CC      drivers/cpufreq/cpufreq_stats.o
  CC      drivers/cpufreq/cpufreq_performance.o
  CC [M]  drivers/gpu/drm/drm_kms_helper_common.o
  CC      drivers/cpuidle/governors/teo.o
  CC [M]  drivers/gpu/drm/drm_modeset_helper.o
  CC [M]  drivers/gpu/drm/nouveau/nvkm/subdev/bios/rammap.o
  CC [M]  drivers/net/ethernet/mellanox/mlx5/core/rl.o
  LD [M]  drivers/net/ethernet/intel/ixgbe/ixgbe.o
  CC [M]  drivers/net/ethernet/mellanox/mlx5/core/lag/debugfs.o
  CC [M]  drivers/gpu/drm/nouveau/nvkm/subdev/bios/shadow.o
  CC [M]  drivers/net/ethernet/mellanox/mlx5/core/lag/lag.o
  CC [M]  drivers/gpu/drm/nouveau/nvkm/subdev/bios/shadowacpi.o
  CC [M]  drivers/gpu/drm/nouveau/nvkm/subdev/bios/shadowof.o
  CC [M]  drivers/gpu/drm/nouveau/nvkm/subdev/bios/shadowpci.o
  AR      drivers/net/ethernet/natsemi/built-in.a
  CC [M]  drivers/gpu/drm/nouveau/nvkm/subdev/bios/shadowramin.o
  AR      drivers/net/ethernet/netronome/built-in.a
  AR      drivers/net/ethernet/ni/built-in.a
  AR      drivers/net/ethernet/nvidia/built-in.a
  CC [M]  drivers/gpu/drm/drm_plane_helper.o
  CC [M]  drivers/net/ethernet/mellanox/mlx5/core/dev.o
  AR      drivers/net/ethernet/oki-semi/built-in.a
  AR      drivers/net/ethernet/qlogic/built-in.a
  CC      drivers/cpuidle/governors/haltpoll.o
  CC [M]  drivers/gpu/drm/drm_probe_helper.o
  CC [M]  drivers/gpu/drm/drm_self_refresh_helper.o
  CC      drivers/cpuidle/sysfs.o
  CC      drivers/cpufreq/cpufreq_powersave.o
  CC      drivers/cpuidle/poll_state.o
  CC [M]  drivers/net/ethernet/mellanox/mlx5/core/events.o
  CC [M]  drivers/net/ethernet/mellanox/mlx5/core/wq.o
  CC      drivers/cpufreq/cpufreq_userspace.o
  CC [M]  drivers/gpu/drm/drm_simple_kms_helper.o
  CC      drivers/cpufreq/cpufreq_ondemand.o
  CC [M]  drivers/gpu/drm/nouveau/nvkm/subdev/bios/shadowrom.o
  AR      drivers/ufs/built-in.a
  CC      drivers/cpufreq/cpufreq_conservative.o
  AR      drivers/mmc/host/built-in.a
  CC      drivers/mmc/core/core.o
  CC      drivers/mmc/core/bus.o
  CC [M]  drivers/gpu/drm/nouveau/nvkm/subdev/bios/timing.o
  CC      drivers/mmc/core/host.o
  CC [M]  drivers/gpu/drm/nouveau/nvkm/subdev/bios/therm.o
  CC      drivers/mmc/core/mmc.o
  AR      drivers/firmware/arm_ffa/built-in.a
  AR      drivers/crypto/ccp/built-in.a
  CC [M]  drivers/gpu/drm/drm_vblank_helper.o
  AR      drivers/firmware/arm_scmi/built-in.a
  AR      drivers/crypto/stm32/built-in.a
  CC [M]  drivers/gpu/drm/nouveau/nvkm/subdev/bios/vmap.o
  AR      drivers/firmware/broadcom/built-in.a
  AR      drivers/crypto/inside-secure/eip93/built-in.a
  AR      drivers/crypto/xilinx/built-in.a
  CC      drivers/cpufreq/cpufreq_governor.o
  AR      drivers/crypto/inside-secure/built-in.a
  AR      drivers/firmware/cirrus/test/built-in.a
  AR      drivers/firmware/cirrus/built-in.a
  CC [M]  drivers/gpu/drm/bridge/panel.o
  AR      drivers/firmware/meson/built-in.a
  AR      drivers/crypto/hisilicon/built-in.a
  AR      drivers/firmware/microchip/built-in.a
  AR      drivers/crypto/intel/keembay/built-in.a
  CC      drivers/firmware/efi/efi-bgrt.o
  AR      drivers/crypto/intel/ixp4xx/built-in.a
  AR      drivers/crypto/intel/built-in.a
  AR      drivers/crypto/starfive/built-in.a
  AR      drivers/crypto/cavium/built-in.a
  CC      drivers/firmware/efi/libstub/alignedmem.o
  CC      drivers/cpufreq/cpufreq_governor_attr_set.o
  CC      drivers/cpufreq/acpi-cpufreq.o
  AR      drivers/crypto/ti/built-in.a
  CC      drivers/firmware/efi/efi.o
  AR      drivers/crypto/built-in.a
  CC      drivers/clocksource/acpi_pm.o
  CC      drivers/firmware/efi/libstub/bitmap.o
  CC      drivers/mmc/core/mmc_ops.o
  CC      drivers/mmc/core/sd.o
  AR      drivers/cpuidle/governors/built-in.a
  CC      drivers/mmc/core/sd_ops.o
  CC      drivers/firmware/efi/libstub/efi-stub-helper.o
  AR      drivers/cpuidle/built-in.a
  CC [M]  drivers/hid/usbhid/hid-core.o
  CC      drivers/cpufreq/amd-pstate.o
  CC      drivers/cpufreq/amd-pstate-trace.o
  CC      drivers/cpufreq/powernow-k8.o
  CC [M]  drivers/gpu/drm/drm_fb_helper.o
  CC [M]  drivers/gpu/drm/nouveau/nvkm/subdev/bios/volt.o
  CC [M]  drivers/net/ethernet/mellanox/mlx5/core/lib/gid.o
  CC [M]  drivers/gpu/drm/nouveau/nvkm/subdev/bios/vpstate.o
  CC [M]  drivers/gpu/drm/nouveau/nvkm/subdev/bios/xpio.o
  AR      drivers/staging/media/built-in.a
  CC      drivers/staging/vme_user/vme.o
  CC [M]  drivers/gpu/drm/nouveau/nvkm/subdev/bios/M0203.o
  CC      drivers/mmc/core/sdio.o
  CC      drivers/firmware/efi/vars.o
  CC      drivers/firmware/efi/reboot.o
  CC [M]  drivers/gpu/drm/nouveau/nvkm/subdev/bios/M0205.o
  CC      drivers/firmware/efi/memattr.o
  CC      drivers/firmware/efi/tpm.o
  CC      drivers/firmware/efi/libstub/file.o
  CC      drivers/firmware/efi/libstub/find.o
  CC      drivers/cpufreq/pcc-cpufreq.o
  CC      drivers/cpufreq/speedstep-centrino.o
  CC      drivers/firmware/efi/libstub/gop.o
  AR      drivers/firmware/imx/built-in.a
  CC      drivers/mmc/core/sdio_ops.o
  CC      drivers/cpufreq/intel_pstate.o
  AR      drivers/firmware/psci/built-in.a
  AR      drivers/hid/built-in.a
  AR      drivers/firmware/qcom/built-in.a
  CC [M]  drivers/net/ethernet/mellanox/mlx5/core/lib/devcom.o
  AR      drivers/net/ethernet/realtek/built-in.a
  AR      drivers/net/ethernet/qualcomm/emac/built-in.a
  CC [M]  drivers/hid/hid-core.o
  AR      drivers/net/ethernet/renesas/built-in.a
  AR      drivers/net/ethernet/qualcomm/built-in.a
  CC [M]  drivers/hid/usbhid/hiddev.o
  CC      drivers/firmware/efi/libstub/lib-cmdline.o
  CC      drivers/firmware/efi/memmap.o
  AR      drivers/net/ethernet/rdc/built-in.a
  CC      drivers/clocksource/i8253.o
  CC [M]  drivers/net/ethernet/mellanox/mlx5/core/lib/pci_vsc.o
  AR      drivers/firmware/samsung/built-in.a
  CC      drivers/mmc/core/sdio_bus.o
  AR      drivers/firmware/smccc/built-in.a
  AR      drivers/firmware/tegra/built-in.a
  CC [M]  drivers/gpu/drm/nouveau/nvkm/subdev/bios/M0209.o
  AR      drivers/firmware/xilinx/built-in.a
  CC      drivers/mmc/core/sdio_cis.o
  CC      drivers/firmware/dmi_scan.o
  CC [M]  drivers/gpu/drm/nouveau/nvkm/subdev/bios/P0260.o
  CC      drivers/mmc/core/sdio_io.o
  CC      drivers/mmc/core/sdio_irq.o
  AR      drivers/net/ethernet/rocker/built-in.a
  CC [M]  drivers/net/ethernet/mellanox/mlx5/core/lib/dm.o
  CC      drivers/firmware/edd.o
  CC [M]  drivers/net/ethernet/mellanox/mlx5/core/lib/fs_ttc.o
  CC [M]  drivers/net/ethernet/mellanox/mlx5/core/diag/fs_tracepoint.o
  CC [M]  drivers/gpu/drm/nouveau/nvkm/subdev/bus/base.o
  CC      drivers/firmware/efi/esrt.o
  CC      drivers/firmware/efi/libstub/lib-ctype.o
  AR      drivers/platform/x86/amd/built-in.a
  AR      drivers/platform/x86/dell/built-in.a
  CC [M]  drivers/platform/x86/dell/dell-wmi-ddv.o
  CC      drivers/mailbox/mailbox.o
  CC [M]  drivers/hid/usbhid/hid-pidff.o
  CC [M]  drivers/platform/x86/hp/hp-bioscfg/bioscfg.o
  AR      drivers/platform/x86/hp/built-in.a
  AR      drivers/net/ethernet/samsung/built-in.a
  AR      drivers/net/ethernet/seeq/built-in.a
  CC [M]  drivers/platform/x86/hp/hp-bioscfg/biosattr-interface.o
  CC      drivers/mmc/core/sd_uhs2.o
  CC      drivers/firmware/efi/libstub/mem.o
  CC      drivers/firmware/efi/libstub/pci.o
  CC      drivers/mailbox/pcc.o
  CC      drivers/clocksource/numachip.o
  CC      drivers/firmware/efi/cper.o
  CC      drivers/firmware/efi/cper_cxl.o
  CC      drivers/firmware/dmi-id.o
  CC [M]  drivers/gpu/drm/nouveau/nvkm/subdev/bus/hwsq.o
  CC      drivers/firmware/memmap.o
  CC      drivers/firmware/sysfb.o
  AR      drivers/clocksource/built-in.a
  CC      drivers/firmware/efi/runtime-wrappers.o
  CC      drivers/mmc/core/slot-gpio.o
  LD [M]  drivers/gpu/drm/drm.o
  CC [M]  drivers/gpu/drm/nouveau/nvkm/subdev/bus/nv04.o
  CC [M]  drivers/platform/x86/hp/hp-bioscfg/enum-attributes.o
  CC [M]  drivers/gpu/drm/nouveau/nvkm/subdev/bus/nv31.o
  CC [M]  drivers/platform/x86/hp/hp-bioscfg/int-attributes.o
  CC [M]  drivers/hid/hid-input.o
  CC [M]  drivers/hid/hid-quirks.o
  CC      drivers/firmware/efi/libstub/printk.o
  CC [M]  drivers/hid/hid-debug.o
  CC [M]  drivers/platform/x86/hp/hp-bioscfg/order-list-attributes.o
  CC [M]  drivers/platform/x86/hp/hp-bioscfg/passwdobj-attributes.o
  AR      drivers/staging/vme_user/built-in.a
  CC [M]  drivers/gpu/drm/nouveau/nvkm/subdev/bus/nv50.o
  AR      drivers/platform/x86/lenovo/built-in.a
  AR      drivers/staging/built-in.a
  CC [M]  drivers/gpu/drm/nouveau/nvkm/subdev/bus/g94.o
  CC [M]  drivers/gpu/drm/nouveau/nvkm/subdev/bus/gf100.o
  CC [M]  drivers/net/ethernet/mellanox/mlx5/core/diag/fw_tracer.o
  CC [M]  drivers/net/ethernet/mellanox/mlx5/core/diag/crdump.o
  CC [M]  drivers/gpu/drm/nouveau/nvkm/subdev/clk/base.o
  CC [M]  drivers/gpu/drm/nouveau/nvkm/subdev/clk/nv04.o
  LD [M]  drivers/gpu/drm/drm_shmem_helper.o
  CC [M]  drivers/net/ethernet/mellanox/mlx5/core/devlink.o
  LD [M]  drivers/gpu/drm/drm_ttm_helper.o
  LD [M]  drivers/gpu/drm/drm_kms_helper.o
  CC [M]  drivers/net/ethernet/mellanox/mlx5/core/sh_devlink.o
  CC [M]  drivers/gpu/drm/nouveau/nvkm/subdev/clk/nv40.o
  CC [M]  drivers/net/ethernet/mellanox/mlx5/core/diag/rsc_dump.o
  CC [M]  drivers/gpu/drm/nouveau/nvkm/subdev/clk/nv50.o
  CC [M]  drivers/platform/x86/hp/hp-bioscfg/spmobj-attributes.o
  AR      drivers/gpu/drm/built-in.a
  CC [M]  drivers/gpu/drm/nouveau/nvkm/subdev/clk/g84.o
  CC [M]  drivers/gpu/drm/nouveau/nvkm/subdev/clk/gt215.o
  CC [M]  drivers/net/ethernet/mellanox/mlx5/core/diag/reporter_vnic.o
  AR      drivers/net/ethernet/silan/built-in.a
  CC      drivers/hwspinlock/hwspinlock_core.o
  AR      drivers/mailbox/built-in.a
  CC      drivers/firmware/efi/libstub/random.o
  CC [M]  drivers/net/ethernet/mellanox/mlx5/core/fw_reset.o
  CC      drivers/mmc/core/regulator.o
  CC      drivers/mmc/core/debugfs.o
  LD [M]  drivers/md/raid456.o
  CC [M]  drivers/net/ethernet/mellanox/mlx5/core/qos.o
  CC [M]  drivers/net/ethernet/mellanox/mlx5/core/lib/tout.o
  CC [M]  drivers/gpu/drm/nouveau/nvkm/subdev/clk/mcp77.o
  AR      drivers/cpufreq/built-in.a
  CC [M]  drivers/platform/x86/hp/hp-bioscfg/string-attributes.o
  CC      drivers/firmware/efi/dev-path-parser.o
  CC      drivers/remoteproc/remoteproc_core.o
  CC [M]  drivers/gpu/drm/nouveau/nvkm/subdev/clk/gf100.o
  CC      drivers/remoteproc/remoteproc_coredump.o
  AR      drivers/virt/vboxguest/built-in.a
  AR      drivers/virt/coco/guest/built-in.a
  CC [M]  drivers/virt/coco/guest/report.o
  CC [M]  drivers/platform/x86/hp/hp-bioscfg/surestart-attributes.o
  CC [M]  drivers/net/ethernet/mellanox/mlx5/core/lib/aso.o
  CC      drivers/firmware/efi/libstub/randomalloc.o
  CC      drivers/firmware/efi/libstub/secureboot.o
  CC [M]  drivers/hid/hidraw.o
  CC [M]  drivers/hid/hid-generic.o
  CC [M]  drivers/gpu/drm/nouveau/nvkm/subdev/clk/gk104.o
  CC      drivers/mmc/core/crypto.o
  CC [M]  drivers/gpu/drm/nouveau/nvkm/subdev/clk/gk20a.o
  LD [M]  drivers/hid/usbhid/usbhid.o
  CC      drivers/firmware/efi/libstub/skip_spaces.o
  CC      drivers/firmware/efi/apple-properties.o
  CC [M]  drivers/net/ethernet/mellanox/mlx5/core/wc.o
  AR      drivers/net/ethernet/sis/built-in.a
  CC      drivers/firmware/efi/libstub/smbios.o
  CC [M]  drivers/gpu/drm/nouveau/nvkm/subdev/clk/gm20b.o
  AR      drivers/net/ethernet/sfc/built-in.a
  AR      drivers/net/ethernet/smsc/built-in.a
  AR      drivers/net/ethernet/socionext/built-in.a
  AR      drivers/net/ethernet/stmicro/built-in.a
  AR      drivers/net/ethernet/sun/built-in.a
  CC [M]  drivers/net/ethernet/mellanox/mlx5/core/fs_pool.o
  CC      drivers/remoteproc/remoteproc_debugfs.o
  CC      drivers/remoteproc/remoteproc_sysfs.o
  CC [M]  drivers/gpu/drm/nouveau/nvkm/subdev/clk/gp10b.o
  CC      drivers/remoteproc/remoteproc_virtio.o
  CC      drivers/remoteproc/remoteproc_elf_loader.o
  CC      drivers/firmware/efi/rci2-table.o
  CC [M]  drivers/gpu/drm/nouveau/nvkm/subdev/clk/gk20a_devfreq.o
  CC [M]  drivers/gpu/drm/nouveau/nvkm/subdev/clk/pllnv04.o
  CC [M]  drivers/net/ethernet/mellanox/mlx5/core/lib/nv_param.o
  LD [M]  drivers/platform/x86/hp/hp-bioscfg/hp-bioscfg.o
  CC      drivers/firmware/efi/libstub/tpm.o
  CC [M]  drivers/gpu/drm/nouveau/nvkm/subdev/clk/pllgt215.o
  CC [M]  drivers/platform/x86/intel/speed_select_if/isst_if_common.o
  CC [M]  drivers/gpu/drm/nouveau/nvkm/subdev/devinit/base.o
  AR      drivers/hwspinlock/built-in.a
  CC      drivers/virt/vmgenid.o
  CC [M]  drivers/gpu/drm/nouveau/nvkm/subdev/devinit/nv04.o
  CC [M]  drivers/gpu/drm/nouveau/nvkm/subdev/devinit/nv05.o
  CC [M]  drivers/virt/coco/sev-guest/sev-guest.o
  CC      drivers/remoteproc/remoteproc_cdev.o
  AR      drivers/platform/x86/uniwill/built-in.a
  CC      drivers/firmware/efi/mokvar-table.o
  CC [M]  drivers/net/ethernet/mellanox/mlx5/core/en/rqt.o
  AR      drivers/net/ethernet/tehuti/built-in.a
  CC [M]  drivers/net/ethernet/mellanox/mlx5/core/en/tir.o
  AR      drivers/platform/chrome/built-in.a
  AR      drivers/platform/mellanox/built-in.a
  AR      drivers/platform/surface/built-in.a
  CC      drivers/firmware/efi/sysfb_efi.o
  CC      drivers/firmware/efi/earlycon.o
  CC      drivers/firmware/efi/cper-x86.o
  AR      drivers/devfreq/event/built-in.a
  LD [M]  drivers/virt/coco/guest/tsm_report.o
  CC      drivers/devfreq/devfreq.o
  CC      drivers/devfreq/devfreq-event.o
  CC      drivers/devfreq/governor_simpleondemand.o
  CC      drivers/firmware/efi/unaccepted_memory.o
  CC [M]  drivers/firmware/efi/efi-pstore.o
  CC [M]  drivers/net/ethernet/mellanox/mlx5/core/en/rss.o
  AR      drivers/platform/x86/tuxedo/nb04/built-in.a
  CC [M]  drivers/platform/x86/intel/speed_select_if/isst_if_mmio.o
  AR      drivers/platform/x86/tuxedo/built-in.a
  CC [M]  drivers/net/ethernet/mellanox/mlx5/core/en/rx_res.o
  CC [M]  drivers/net/ethernet/mellanox/mlx5/core/en/channels.o
  CC [M]  drivers/gpu/drm/nouveau/nvkm/subdev/devinit/nv10.o
  CC [M]  drivers/gpu/drm/nouveau/nvkm/subdev/devinit/nv1a.o
  CC      drivers/firmware/efi/libstub/unaccepted_memory.o
  CC      drivers/firmware/efi/libstub/vsprintf.o
  CC [M]  drivers/net/ethernet/mellanox/mlx5/core/en_main.o
  CC [M]  drivers/gpu/drm/nouveau/nvkm/subdev/devinit/nv20.o
  AR      drivers/mmc/core/built-in.a
  AR      drivers/mmc/built-in.a
  CC [M]  drivers/net/ethernet/mellanox/mlx5/core/en_common.o
  CC      drivers/devfreq/governor_performance.o
  CC      drivers/extcon/extcon.o
  CC      drivers/extcon/devres.o
  CC      drivers/devfreq/governor_powersave.o
  AR      drivers/memory/built-in.a
  CC      drivers/powercap/powercap_sys.o
  CC [M]  drivers/net/ethernet/mellanox/mlx5/core/en_fs.o
  AR      drivers/perf/built-in.a
  CC [M]  drivers/gpu/drm/nouveau/nvkm/subdev/devinit/nv50.o
  CC [M]  drivers/gpu/drm/nouveau/nvkm/subdev/devinit/g84.o
  CC [M]  drivers/platform/x86/intel/speed_select_if/isst_if_mbox_pci.o
  CC [M]  drivers/gpu/drm/nouveau/nvkm/subdev/devinit/g98.o
  CC      drivers/devfreq/governor_userspace.o
  CC      drivers/devfreq/governor_passive.o
  CC [M]  drivers/gpu/drm/nouveau/nvkm/subdev/devinit/gt215.o
  CC [M]  drivers/net/ethernet/mellanox/mlx5/core/en_ethtool.o
  CC [M]  drivers/net/ethernet/mellanox/mlx5/core/en_tx.o
  AR      drivers/virt/coco/built-in.a
  AR      drivers/virt/built-in.a
  LD [M]  drivers/hid/hid.o
  CC [M]  drivers/platform/wmi/core.o
  CC [M]  drivers/platform/wmi/marshalling.o
  AR      drivers/ras/amd/atl/built-in.a
  CC      drivers/ras/ras.o
  CC [M]  drivers/platform/wmi/string.o
  CC      drivers/platform/x86/p2sb.o
  CC      drivers/platform/x86/intel_scu_ipc.o
  AR      drivers/remoteproc/built-in.a
  CC      drivers/firmware/efi/libstub/x86-5lvl.o
  AR      drivers/net/ethernet/ti/built-in.a
  CC      drivers/firmware/efi/libstub/x86-stub.o
  STUBCPY drivers/firmware/efi/libstub/alignedmem.stub.o
  STUBCPY drivers/firmware/efi/libstub/bitmap.stub.o
  CC [M]  drivers/net/ethernet/mellanox/mlx5/core/en_rx.o
  STUBCPY drivers/firmware/efi/libstub/efi-stub-helper.stub.o
  STUBCPY drivers/firmware/efi/libstub/file.stub.o
  STUBCPY drivers/firmware/efi/libstub/find.stub.o
  CC      drivers/platform/x86/intel_scu_pcidrv.o
  STUBCPY drivers/firmware/efi/libstub/gop.stub.o
  STUBCPY drivers/firmware/efi/libstub/lib-cmdline.stub.o
  CC      drivers/platform/x86/intel/turbo_max_3.o
  CC [M]  drivers/gpu/drm/nouveau/nvkm/subdev/devinit/mcp89.o
  CC [M]  drivers/gpu/drm/nouveau/nvkm/subdev/devinit/gf100.o
  CC [M]  drivers/gpu/drm/nouveau/nvkm/subdev/devinit/gm107.o
  CC [M]  drivers/platform/x86/intel/speed_select_if/isst_if_mbox_msr.o
  STUBCPY drivers/firmware/efi/libstub/lib-ctype.stub.o
  STUBCPY drivers/firmware/efi/libstub/mem.stub.o
  STUBCPY drivers/firmware/efi/libstub/pci.stub.o
  STUBCPY drivers/firmware/efi/libstub/printk.stub.o
  STUBCPY drivers/firmware/efi/libstub/random.stub.o
  CC [M]  drivers/net/ethernet/mellanox/mlx5/core/en_dim.o
  CC [M]  drivers/net/ethernet/mellanox/mlx5/core/en_txrx.o
  CC [M]  drivers/gpu/drm/nouveau/nvkm/subdev/devinit/gm200.o
  STUBCPY drivers/firmware/efi/libstub/randomalloc.stub.o
  CC      drivers/ras/debugfs.o
  CC      drivers/powercap/idle_inject.o
  CC [M]  drivers/gpu/drm/nouveau/nvkm/subdev/devinit/gv100.o
  CC [M]  drivers/powercap/intel_rapl_common.o
  CC [M]  drivers/gpu/drm/nouveau/nvkm/subdev/devinit/tu102.o
  CC [M]  drivers/gpu/drm/nouveau/nvkm/subdev/devinit/ga100.o
  CC [M]  drivers/powercap/intel_rapl_msr.o
  AR      drivers/platform/x86/intel/built-in.a
  CC [M]  drivers/gpu/drm/nouveau/nvkm/subdev/devinit/r535.o
  CC [M]  drivers/gpu/drm/nouveau/nvkm/subdev/fault/base.o
  CC [M]  drivers/gpu/drm/nouveau/nvkm/subdev/fault/user.o
  STUBCPY drivers/firmware/efi/libstub/secureboot.stub.o
  CC [M]  drivers/gpu/drm/nouveau/nvkm/subdev/fault/gp100.o
  CC [M]  drivers/gpu/drm/nouveau/nvkm/subdev/fault/gp10b.o
  CC      drivers/platform/x86/pmc_atom.o
  CC [M]  drivers/gpu/drm/nouveau/nvkm/subdev/fault/gv100.o
  STUBCPY drivers/firmware/efi/libstub/skip_spaces.stub.o
  STUBCPY drivers/firmware/efi/libstub/smbios.stub.o
  STUBCPY drivers/firmware/efi/libstub/tpm.stub.o
  CC      drivers/ras/cec.o
  CC [M]  drivers/platform/x86/mxm-wmi.o
  STUBCPY drivers/firmware/efi/libstub/unaccepted_memory.stub.o
  STUBCPY drivers/firmware/efi/libstub/vsprintf.stub.o
  STUBCPY drivers/firmware/efi/libstub/x86-5lvl.stub.o
  CC [M]  drivers/net/ethernet/mellanox/mlx5/core/en/xdp.o
  CC [M]  drivers/platform/x86/firmware_attributes_class.o
  CC [M]  drivers/net/ethernet/mellanox/mlx5/core/en_stats.o
  STUBCPY drivers/firmware/efi/libstub/x86-stub.stub.o
  CC [M]  drivers/gpu/drm/nouveau/nvkm/subdev/fault/tu102.o
  AR      drivers/firmware/efi/libstub/lib.a
  AR      drivers/firmware/efi/built-in.a
  AR      drivers/extcon/built-in.a
  CC [M]  drivers/gpu/drm/nouveau/nvkm/subdev/fb/base.o
  AR      drivers/hwtracing/intel_th/built-in.a
  AR      drivers/firmware/built-in.a
  CC [M]  drivers/gpu/drm/nouveau/nvkm/subdev/fb/nv04.o
  AR      drivers/android/built-in.a
  CC      drivers/interconnect/core.o
  CC      drivers/interconnect/bulk.o
  AR      drivers/nvmem/layouts/built-in.a
  CC      drivers/interconnect/debugfs-client.o
  CC      drivers/nvmem/core.o
  CC [M]  drivers/gpu/drm/nouveau/nvkm/subdev/fb/nv10.o
drivers/net/ethernet/mellanox/mlx5/core/en_fs.c: In function ‘mlx5e_create_inner_ttc_table’:
drivers/net/ethernet/mellanox/mlx5/core/en_fs.c:1325:1: warning: the frame size of 1096 bytes is larger than 1024 bytes [-Wframe-larger-than=]
 1325 | }
      | ^
  CC [M]  drivers/net/ethernet/mellanox/mlx5/core/en_selftest.o
  CC [M]  drivers/gpu/drm/nouveau/nvkm/subdev/fb/nv1a.o
  CC [M]  drivers/net/ethernet/mellanox/mlx5/core/en/port.o
  AR      drivers/resctrl/built-in.a
  CC [M]  drivers/infiniband/core/packer.o
  CC [M]  drivers/infiniband/hw/mlx5/ah.o
  CC [M]  drivers/gpu/drm/nouveau/nvkm/subdev/fb/nv20.o
  CC [M]  drivers/infiniband/hw/mlx5/cmd.o
  CC [M]  drivers/infiniband/hw/mlx5/cong.o
  LD [M]  drivers/platform/wmi/wmi.o
  CC [M]  drivers/infiniband/hw/mlx5/counters.o
drivers/net/ethernet/mellanox/mlx5/core/en_fs.c: In function ‘mlx5e_create_ttc_table’:
drivers/net/ethernet/mellanox/mlx5/core/en_fs.c:1335:1: warning: the frame size of 1088 bytes is larger than 1024 bytes [-Wframe-larger-than=]
 1335 | }
      | ^
  CC [M]  drivers/infiniband/hw/mlx5/cq.o
  CC [M]  drivers/infiniband/core/ud_header.o
  CC [M]  drivers/gpu/drm/nouveau/nvkm/subdev/fb/nv25.o
  CC [M]  drivers/gpu/drm/nouveau/nvkm/subdev/fb/nv30.o
  AR      drivers/powercap/built-in.a
  CC [M]  drivers/gpu/drm/nouveau/nvkm/subdev/fb/nv35.o
  CC [M]  drivers/infiniband/core/verbs.o
  AR      drivers/devfreq/built-in.a
  CC [M]  drivers/dca/dca-core.o
  CC [M]  drivers/infiniband/core/cq.o
  CC [M]  drivers/infiniband/core/rw.o
  CC [M]  drivers/infiniband/core/sysfs.o
  CC [M]  drivers/gpu/drm/nouveau/nvkm/subdev/fb/nv36.o
  CC [M]  drivers/gpu/drm/nouveau/nvkm/subdev/fb/nv40.o
  AR      drivers/net/ethernet/vertexcom/built-in.a
  AR      drivers/net/ethernet/via/built-in.a
  AR      drivers/net/ethernet/wangxun/built-in.a
  AR      drivers/net/ethernet/wiznet/built-in.a
  CC [M]  drivers/net/ethernet/mellanox/mlx5/core/en/monitor_stats.o
  AR      drivers/platform/x86/built-in.a
  CC [M]  drivers/gpu/drm/nouveau/nvkm/subdev/fb/nv41.o
  AR      drivers/net/ethernet/xilinx/built-in.a
  AR      drivers/net/ethernet/synopsys/built-in.a
  CC [M]  drivers/gpu/drm/nouveau/nvkm/subdev/fb/nv44.o
  AR      drivers/platform/built-in.a
  AR      drivers/net/ethernet/pensando/built-in.a
  CC [M]  drivers/infiniband/core/device.o
  CC [M]  drivers/infiniband/core/cache.o
  CC [M]  drivers/dca/dca-sysfs.o
  CC [M]  drivers/gpu/drm/nouveau/nvkm/subdev/fb/nv46.o
  CC [M]  drivers/net/ethernet/mellanox/mlx5/core/en/health.o
  CC [M]  drivers/net/ethernet/mellanox/mlx5/core/en/reporter_tx.o
  AR      drivers/ras/built-in.a
  CC [M]  drivers/gpu/drm/nouveau/nvkm/subdev/fb/nv47.o
  CC [M]  drivers/infiniband/core/netlink.o
  CC [M]  drivers/infiniband/core/roce_gid_mgmt.o
  CC [M]  drivers/net/ethernet/mellanox/mlx5/core/en/reporter_rx.o
  CC [M]  drivers/gpu/drm/nouveau/nvkm/subdev/fb/nv49.o
  CC [M]  drivers/gpu/drm/nouveau/nvkm/subdev/fb/nv4e.o
  CC [M]  drivers/gpu/drm/nouveau/nvkm/subdev/fb/nv50.o
  CC [M]  drivers/net/ethernet/mellanox/mlx5/core/en/params.o
  CC [M]  drivers/net/ethernet/mellanox/mlx5/core/en/xsk/pool.o
  CC [M]  drivers/infiniband/core/mr_pool.o
  CC [M]  drivers/gpu/drm/nouveau/nvkm/subdev/fb/g84.o
  AR      drivers/nvmem/built-in.a
  CC [M]  drivers/gpu/drm/nouveau/nvkm/subdev/fb/gt215.o
  CC [M]  drivers/infiniband/hw/mlx5/data_direct.o
  CC [M]  drivers/infiniband/core/addr.o
  CC [M]  drivers/gpu/drm/nouveau/nvkm/subdev/fb/mcp77.o
  CC [M]  drivers/net/ethernet/mellanox/mlx5/core/en/xsk/setup.o
  CC [M]  drivers/gpu/drm/nouveau/nvkm/subdev/fb/mcp89.o
  CC [M]  drivers/infiniband/hw/mlx5/dm.o
  CC [M]  drivers/gpu/drm/nouveau/nvkm/subdev/fb/gf100.o
  LD [M]  drivers/dca/dca.o
  CC [M]  drivers/net/ethernet/mellanox/mlx5/core/en/xsk/rx.o
  CC [M]  drivers/net/ethernet/mellanox/mlx5/core/en/xsk/tx.o
  CC [M]  drivers/gpu/drm/nouveau/nvkm/subdev/fb/gf108.o
  CC [M]  drivers/net/ethernet/mellanox/mlx5/core/en/devlink.o
  CC [M]  drivers/infiniband/core/sa_query.o
  CC [M]  drivers/net/ethernet/mellanox/mlx5/core/en/ptp.o
  CC [M]  drivers/gpu/drm/nouveau/nvkm/subdev/fb/gk104.o
  CC [M]  drivers/gpu/drm/nouveau/nvkm/subdev/fb/gk110.o
  AR      drivers/interconnect/built-in.a
  CC [M]  drivers/net/ethernet/mellanox/mlx5/core/en/qos.o
  CC [M]  drivers/net/ethernet/mellanox/mlx5/core/en/htb.o
  CC [M]  drivers/net/ethernet/mellanox/mlx5/core/en/trap.o
  CC [M]  drivers/net/ethernet/mellanox/mlx5/core/en/fs_tt_redirect.o
  CC [M]  drivers/net/ethernet/mellanox/mlx5/core/en/selq.o
  CC [M]  drivers/infiniband/hw/mlx5/dmah.o
  CC [M]  drivers/gpu/drm/nouveau/nvkm/subdev/fb/gk20a.o
  CC [M]  drivers/net/ethernet/mellanox/mlx5/core/lib/crypto.o
  CC [M]  drivers/net/ethernet/mellanox/mlx5/core/lib/sd.o
  CC [M]  drivers/gpu/drm/nouveau/nvkm/subdev/fb/gm107.o
  CC [M]  drivers/gpu/drm/nouveau/nvkm/subdev/fb/gm200.o
  CC [M]  drivers/gpu/drm/nouveau/nvkm/subdev/fb/gm20b.o
  CC [M]  drivers/infiniband/core/multicast.o
  CC [M]  drivers/infiniband/hw/mlx5/doorbell.o
  CC [M]  drivers/net/ethernet/mellanox/mlx5/core/en/pcie_cong_event.o
  CC [M]  drivers/gpu/drm/nouveau/nvkm/subdev/fb/gp100.o
  CC [M]  drivers/gpu/drm/nouveau/nvkm/subdev/fb/gp102.o
  CC [M]  drivers/gpu/drm/nouveau/nvkm/subdev/fb/gp10b.o
  CC [M]  drivers/infiniband/core/mad.o
  CC [M]  drivers/gpu/drm/nouveau/nvkm/subdev/fb/gv100.o
  CC [M]  drivers/infiniband/hw/mlx5/fs.o
  CC [M]  drivers/net/ethernet/mellanox/mlx5/core/en_arfs.o
  CC [M]  drivers/net/ethernet/mellanox/mlx5/core/en_fs_ethtool.o
  CC [M]  drivers/net/ethernet/mellanox/mlx5/core/en_dcbnl.o
  CC [M]  drivers/net/ethernet/mellanox/mlx5/core/en/port_buffer.o
  CC [M]  drivers/net/ethernet/mellanox/mlx5/core/lag/mp.o
  CC [M]  drivers/infiniband/hw/mlx5/gsi.o
  CC [M]  drivers/infiniband/core/smi.o
  CC [M]  drivers/net/ethernet/mellanox/mlx5/core/lag/port_sel.o
  CC [M]  drivers/gpu/drm/nouveau/nvkm/subdev/fb/tu102.o
  CC [M]  drivers/infiniband/core/agent.o
  CC [M]  drivers/gpu/drm/nouveau/nvkm/subdev/fb/ga100.o
  CC [M]  drivers/net/ethernet/mellanox/mlx5/core/lib/geneve.o
  CC [M]  drivers/gpu/drm/nouveau/nvkm/subdev/fb/ga102.o
  CC [M]  drivers/net/ethernet/mellanox/mlx5/core/lib/port_tun.o
  CC [M]  drivers/gpu/drm/nouveau/nvkm/subdev/fb/gh100.o
  CC [M]  drivers/gpu/drm/nouveau/nvkm/subdev/fb/gb100.o
  CC [M]  drivers/infiniband/hw/mlx5/ib_virt.o
  CC [M]  drivers/net/ethernet/mellanox/mlx5/core/en_rep.o
  CC [M]  drivers/infiniband/hw/mlx5/mad.o
  CC [M]  drivers/gpu/drm/nouveau/nvkm/subdev/fb/gb202.o
  CC [M]  drivers/infiniband/core/mad_rmpp.o
  CC [M]  drivers/gpu/drm/nouveau/nvkm/subdev/fb/r535.o
  CC [M]  drivers/net/ethernet/mellanox/mlx5/core/en/rep/bond.o
  CC [M]  drivers/gpu/drm/nouveau/nvkm/subdev/fb/ram.o
  CC [M]  drivers/gpu/drm/nouveau/nvkm/subdev/fb/ramnv04.o
  CC [M]  drivers/net/ethernet/mellanox/mlx5/core/en/mod_hdr.o
  CC [M]  drivers/gpu/drm/nouveau/nvkm/subdev/fb/ramnv10.o
  CC [M]  drivers/infiniband/hw/mlx5/main.o
  CC [M]  drivers/net/ethernet/mellanox/mlx5/core/en/mapping.o
  CC [M]  drivers/infiniband/hw/mlx5/mem.o
  CC [M]  drivers/net/ethernet/mellanox/mlx5/core/lag/mpesw.o
  CC [M]  drivers/net/ethernet/mellanox/mlx5/core/lag/shared_fdb.o
  CC [M]  drivers/infiniband/core/nldev.o
  CC [M]  drivers/infiniband/core/restrack.o
  CC [M]  drivers/infiniband/hw/mlx5/mr.o
  CC [M]  drivers/gpu/drm/nouveau/nvkm/subdev/fb/ramnv1a.o
  CC [M]  drivers/infiniband/core/counters.o
  CC [M]  drivers/net/ethernet/mellanox/mlx5/core/en_tc.o
  CC [M]  drivers/infiniband/core/trace.o
  CC [M]  drivers/gpu/drm/nouveau/nvkm/subdev/fb/ramnv20.o
  CC [M]  drivers/gpu/drm/nouveau/nvkm/subdev/fb/ramnv40.o
  CC [M]  drivers/infiniband/core/lag.o
drivers/net/ethernet/mellanox/mlx5/core/lag/port_sel.c: In function ‘mlx5_lag_create_inner_ttc_table’:
drivers/net/ethernet/mellanox/mlx5/core/lag/port_sel.c:547:1: warning: the frame size of 1104 bytes is larger than 1024 bytes [-Wframe-larger-than=]
  547 | }
      | ^
drivers/net/ethernet/mellanox/mlx5/core/lag/port_sel.c: In function ‘mlx5_lag_create_ttc_table’:
drivers/net/ethernet/mellanox/mlx5/core/lag/port_sel.c:531:1: warning: the frame size of 1104 bytes is larger than 1024 bytes [-Wframe-larger-than=]
  531 | }
      | ^
  CC [M]  drivers/gpu/drm/nouveau/nvkm/subdev/fb/ramnv41.o
  CC [M]  drivers/infiniband/core/iter.o
  CC [M]  drivers/gpu/drm/nouveau/nvkm/subdev/fb/ramnv44.o
  CC [M]  drivers/infiniband/core/frmr_pools.o
  CC [M]  drivers/net/ethernet/mellanox/mlx5/core/en/rep/tc.o
  CC [M]  drivers/net/ethernet/mellanox/mlx5/core/en/rep/neigh.o
  CC [M]  drivers/infiniband/hw/mlx5/qp.o
  CC [M]  drivers/infiniband/hw/mlx5/qpc.o
  CC [M]  drivers/gpu/drm/nouveau/nvkm/subdev/fb/ramnv49.o
  CC [M]  drivers/infiniband/hw/mlx5/restrack.o
  CC [M]  drivers/net/ethernet/mellanox/mlx5/core/lib/fs_chains.o
  CC [M]  drivers/net/ethernet/mellanox/mlx5/core/en/tc_tun.o
  CC [M]  drivers/net/ethernet/mellanox/mlx5/core/esw/indir_table.o
  CC [M]  drivers/net/ethernet/mellanox/mlx5/core/en/tc_tun_encap.o
  CC [M]  drivers/infiniband/core/security.o
  CC [M]  drivers/net/ethernet/mellanox/mlx5/core/en/tc_tun_vxlan.o
  CC [M]  drivers/infiniband/hw/mlx5/srq.o
  CC [M]  drivers/gpu/drm/nouveau/nvkm/subdev/fb/ramnv4e.o
  CC [M]  drivers/gpu/drm/nouveau/nvkm/subdev/fb/ramnv50.o
  CC [M]  drivers/infiniband/core/cgroup.o
  CC [M]  drivers/gpu/drm/nouveau/nvkm/subdev/fb/ramgt215.o
  CC [M]  drivers/net/ethernet/mellanox/mlx5/core/en/tc_tun_gre.o
  CC [M]  drivers/gpu/drm/nouveau/nvkm/subdev/fb/rammcp77.o
  CC [M]  drivers/infiniband/hw/mlx5/srq_cmd.o
  CC [M]  drivers/infiniband/hw/mlx5/umr.o
drivers/net/ethernet/mellanox/mlx5/core/en_rep.c: In function ‘mlx5e_create_rep_ttc_table’:
drivers/net/ethernet/mellanox/mlx5/core/en_rep.c:992:1: warning: the frame size of 1096 bytes is larger than 1024 bytes [-Wframe-larger-than=]
  992 | }
      | ^
  CC [M]  drivers/infiniband/hw/mlx5/wr.o
  CC [M]  drivers/gpu/drm/nouveau/nvkm/subdev/fb/ramgf100.o
  CC [M]  drivers/net/ethernet/mellanox/mlx5/core/en/tc_tun_geneve.o
drivers/infiniband/core/nldev.c: In function ‘nldev_newlink’:
drivers/infiniband/core/nldev.c:1821:1: warning: the frame size of 1048 bytes is larger than 1024 bytes [-Wframe-larger-than=]
 1821 | }
      | ^
  CC [M]  drivers/gpu/drm/nouveau/nvkm/subdev/fb/ramgf108.o
drivers/infiniband/core/nldev.c: In function ‘res_get_common_dumpit’:
drivers/infiniband/core/nldev.c:1711:1: warning: the frame size of 1032 bytes is larger than 1024 bytes [-Wframe-larger-than=]
 1711 | }
      | ^
  CC [M]  drivers/gpu/drm/nouveau/nvkm/subdev/fb/ramgk104.o
  CC [M]  drivers/infiniband/core/umem.o
  CC [M]  drivers/net/ethernet/mellanox/mlx5/core/en/tc_tun_mplsoudp.o
  CC [M]  drivers/net/ethernet/mellanox/mlx5/core/diag/en_tc_tracepoint.o
  CC [M]  drivers/infiniband/core/umem_dmabuf.o
  CC [M]  drivers/infiniband/core/umem_odp.o
  CC [M]  drivers/gpu/drm/nouveau/nvkm/subdev/fb/ramgm107.o
  CC [M]  drivers/net/ethernet/mellanox/mlx5/core/en/tc/post_act.o
  CC [M]  drivers/infiniband/core/ib_core_uverbs.o
  CC [M]  drivers/gpu/drm/nouveau/nvkm/subdev/fb/ramgm200.o
drivers/infiniband/core/nldev.c: In function ‘nldev_get_chardev’:
drivers/infiniband/core/nldev.c:1950:1: warning: the frame size of 1032 bytes is larger than 1024 bytes [-Wframe-larger-than=]
 1950 | }
      | ^
  CC [M]  drivers/infiniband/hw/mlx5/odp.o
drivers/net/ethernet/mellanox/mlx5/core/en_tc.c: In function ‘mlx5e_hairpin_rss_init’:
drivers/net/ethernet/mellanox/mlx5/core/en_tc.c:891:1: warning: the frame size of 1232 bytes is larger than 1024 bytes [-Wframe-larger-than=]
  891 | }
      | ^
  CC [M]  drivers/infiniband/hw/mlx5/ib_rep.o
  CC [M]  drivers/gpu/drm/nouveau/nvkm/subdev/fb/ramgp100.o
  CC [M]  drivers/net/ethernet/mellanox/mlx5/core/en/tc/int_port.o
  CC [M]  drivers/net/ethernet/mellanox/mlx5/core/en/tc/meter.o
  CC [M]  drivers/infiniband/hw/mlx5/devx.o
  CC [M]  drivers/gpu/drm/nouveau/nvkm/subdev/fb/ramgp102.o
  CC [M]  drivers/infiniband/hw/mlx5/qos.o
  CC [M]  drivers/gpu/drm/nouveau/nvkm/subdev/fb/sddr2.o
  CC [M]  drivers/gpu/drm/nouveau/nvkm/subdev/fb/sddr3.o
  CC [M]  drivers/gpu/drm/nouveau/nvkm/subdev/fb/gddr3.o
  CC [M]  drivers/infiniband/core/cm.o
  CC [M]  drivers/gpu/drm/nouveau/nvkm/subdev/fb/gddr5.o
  CC [M]  drivers/net/ethernet/mellanox/mlx5/core/en/tc/post_meter.o
  CC [M]  drivers/gpu/drm/nouveau/nvkm/subdev/fuse/base.o
  CC [M]  drivers/infiniband/hw/mlx5/std_types.o
  CC [M]  drivers/net/ethernet/mellanox/mlx5/core/en/tc/act_stats.o
  CC [M]  drivers/gpu/drm/nouveau/nvkm/subdev/fuse/nv50.o
  CC [M]  drivers/gpu/drm/nouveau/nvkm/subdev/fuse/gf100.o
  CC [M]  drivers/net/ethernet/mellanox/mlx5/core/en/tc/act/act.o
  CC [M]  drivers/infiniband/core/cm_trace.o
  CC [M]  drivers/net/ethernet/mellanox/mlx5/core/en/tc/act/drop.o
  CC [M]  drivers/net/ethernet/mellanox/mlx5/core/en/tc/act/trap.o
  CC [M]  drivers/gpu/drm/nouveau/nvkm/subdev/fuse/gm107.o
  CC [M]  drivers/infiniband/core/iwcm.o
  CC [M]  drivers/net/ethernet/mellanox/mlx5/core/en/tc/act/accept.o
  CC [M]  drivers/gpu/drm/nouveau/nvkm/subdev/gpio/base.o
  CC [M]  drivers/net/ethernet/mellanox/mlx5/core/en/tc/act/mark.o
  CC [M]  drivers/infiniband/core/iwpm_util.o
  CC [M]  drivers/net/ethernet/mellanox/mlx5/core/en/tc/act/goto.o
  CC [M]  drivers/gpu/drm/nouveau/nvkm/subdev/gpio/nv10.o
  CC [M]  drivers/gpu/drm/nouveau/nvkm/subdev/gpio/nv50.o
  CC [M]  drivers/gpu/drm/nouveau/nvkm/subdev/gpio/g94.o
  CC [M]  drivers/gpu/drm/nouveau/nvkm/subdev/gpio/gf119.o
  CC [M]  drivers/net/ethernet/mellanox/mlx5/core/en/tc/act/tun.o
  CC [M]  drivers/net/ethernet/mellanox/mlx5/core/en/tc/act/csum.o
  CC [M]  drivers/gpu/drm/nouveau/nvkm/subdev/gpio/gk104.o
  CC [M]  drivers/gpu/drm/nouveau/nvkm/subdev/gpio/ga102.o
  CC [M]  drivers/net/ethernet/mellanox/mlx5/core/en/tc/act/pedit.o
  CC [M]  drivers/gpu/drm/nouveau/nvkm/subdev/fsp/base.o
  CC [M]  drivers/gpu/drm/nouveau/nvkm/subdev/fsp/gh100.o
  CC [M]  drivers/net/ethernet/mellanox/mlx5/core/en/tc/act/vlan.o
  CC [M]  drivers/net/ethernet/mellanox/mlx5/core/en/tc/act/vlan_mangle.o
  CC [M]  drivers/net/ethernet/mellanox/mlx5/core/en/tc/act/mpls.o
  CC [M]  drivers/net/ethernet/mellanox/mlx5/core/en/tc/act/mirred.o
  CC [M]  drivers/net/ethernet/mellanox/mlx5/core/en/tc/act/mirred_nic.o
  CC [M]  drivers/infiniband/core/iwpm_msg.o
  CC [M]  drivers/gpu/drm/nouveau/nvkm/subdev/fsp/gb100.o
  CC [M]  drivers/net/ethernet/mellanox/mlx5/core/en/tc/act/ct.o
  CC [M]  drivers/gpu/drm/nouveau/nvkm/subdev/fsp/gb202.o
  CC [M]  drivers/net/ethernet/mellanox/mlx5/core/en/tc/act/sample.o
  CC [M]  drivers/gpu/drm/nouveau/nvkm/subdev/gsp/base.o
  CC [M]  drivers/net/ethernet/mellanox/mlx5/core/en/tc/act/ptype.o
  CC [M]  drivers/infiniband/core/cma.o
  CC [M]  drivers/net/ethernet/mellanox/mlx5/core/en/tc/act/redirect_ingress.o
  CC [M]  drivers/gpu/drm/nouveau/nvkm/subdev/gsp/fwsec.o
  CC [M]  drivers/net/ethernet/mellanox/mlx5/core/en/tc/act/police.o
  CC [M]  drivers/infiniband/core/cma_trace.o
  CC [M]  drivers/net/ethernet/mellanox/mlx5/core/en/tc/sample.o
  CC [M]  drivers/gpu/drm/nouveau/nvkm/subdev/gsp/gv100.o
  CC [M]  drivers/net/ethernet/mellanox/mlx5/core/eswitch.o
  CC [M]  drivers/net/ethernet/mellanox/mlx5/core/eswitch_offloads.o
  CC [M]  drivers/gpu/drm/nouveau/nvkm/subdev/gsp/tu102.o
  CC [M]  drivers/infiniband/core/cma_configfs.o
  CC [M]  drivers/net/ethernet/mellanox/mlx5/core/eswitch_offloads_termtbl.o
  CC [M]  drivers/net/ethernet/mellanox/mlx5/core/ecpf.o
  CC [M]  drivers/gpu/drm/nouveau/nvkm/subdev/gsp/tu116.o
  CC [M]  drivers/gpu/drm/nouveau/nvkm/subdev/gsp/ga100.o
  CC [M]  drivers/gpu/drm/nouveau/nvkm/subdev/gsp/ga102.o
  CC [M]  drivers/gpu/drm/nouveau/nvkm/subdev/gsp/gh100.o
  CC [M]  drivers/net/ethernet/mellanox/mlx5/core/rdma.o
  CC [M]  drivers/infiniband/core/uverbs_main.o
  CC [M]  drivers/net/ethernet/mellanox/mlx5/core/esw/legacy.o
  CC [M]  drivers/gpu/drm/nouveau/nvkm/subdev/gsp/ad102.o
  LD [M]  drivers/infiniband/hw/mlx5/mlx5_ib.o
  CC [M]  drivers/net/ethernet/mellanox/mlx5/core/esw/adj_vport.o
  CC [M]  drivers/net/ethernet/mellanox/mlx5/core/esw/devlink_port.o
  CC [M]  drivers/infiniband/core/uverbs_cmd.o
  CC [M]  drivers/gpu/drm/nouveau/nvkm/subdev/gsp/gb100.o
  CC [M]  drivers/infiniband/core/uverbs_marshall.o
  CC [M]  drivers/gpu/drm/nouveau/nvkm/subdev/gsp/gb202.o
  CC [M]  drivers/gpu/drm/nouveau/nvkm/subdev/gsp/rm/client.o
  CC [M]  drivers/infiniband/core/uverbs_std_types.o
  CC [M]  drivers/infiniband/core/uverbs_ioctl.o
  CC [M]  drivers/gpu/drm/nouveau/nvkm/subdev/gsp/rm/engine.o
  CC [M]  drivers/net/ethernet/mellanox/mlx5/core/esw/vporttbl.o
  CC [M]  drivers/net/ethernet/mellanox/mlx5/core/esw/qos.o
  CC [M]  drivers/net/ethernet/mellanox/mlx5/core/esw/ipsec.o
  CC [M]  drivers/infiniband/core/uverbs_std_types_cq.o
  CC [M]  drivers/net/ethernet/mellanox/mlx5/core/esw/acl/helper.o
  CC [M]  drivers/gpu/drm/nouveau/nvkm/subdev/gsp/rm/gr.o
  CC [M]  drivers/gpu/drm/nouveau/nvkm/subdev/gsp/rm/nvdec.o
  CC [M]  drivers/net/ethernet/mellanox/mlx5/core/esw/acl/egress_lgcy.o
  CC [M]  drivers/gpu/drm/nouveau/nvkm/subdev/gsp/rm/nvenc.o
  CC [M]  drivers/net/ethernet/mellanox/mlx5/core/esw/acl/egress_ofld.o
  CC [M]  drivers/gpu/drm/nouveau/nvkm/subdev/gsp/rm/tu1xx.o
  CC [M]  drivers/gpu/drm/nouveau/nvkm/subdev/gsp/rm/ga100.o
  CC [M]  drivers/gpu/drm/nouveau/nvkm/subdev/gsp/rm/ga1xx.o
  CC [M]  drivers/infiniband/core/uverbs_std_types_dmabuf.o
  CC [M]  drivers/net/ethernet/mellanox/mlx5/core/esw/acl/ingress_lgcy.o
  CC [M]  drivers/gpu/drm/nouveau/nvkm/subdev/gsp/rm/ad10x.o
  CC [M]  drivers/net/ethernet/mellanox/mlx5/core/esw/acl/ingress_ofld.o
  CC [M]  drivers/net/ethernet/mellanox/mlx5/core/hwmon.o
  CC [M]  drivers/infiniband/core/uverbs_std_types_dmah.o
  CC [M]  drivers/gpu/drm/nouveau/nvkm/subdev/gsp/rm/gh100.o
  CC [M]  drivers/net/ethernet/mellanox/mlx5/core/lib/mpfs.o
  CC [M]  drivers/net/ethernet/mellanox/mlx5/core/lib/clock.o
  CC [M]  drivers/gpu/drm/nouveau/nvkm/subdev/gsp/rm/gb10x.o
  CC [M]  drivers/infiniband/core/uverbs_std_types_flow_action.o
  CC [M]  drivers/net/ethernet/mellanox/mlx5/core/ipoib/ipoib.o
  CC [M]  drivers/gpu/drm/nouveau/nvkm/subdev/gsp/rm/gb20x.o
  CC [M]  drivers/net/ethernet/mellanox/mlx5/core/ipoib/ethtool.o
  CC [M]  drivers/net/ethernet/mellanox/mlx5/core/ipoib/ipoib_vlan.o
  CC [M]  drivers/net/ethernet/mellanox/mlx5/core/fpga/core.o
  CC [M]  drivers/net/ethernet/mellanox/mlx5/core/fpga/cmd.o
  CC [M]  drivers/gpu/drm/nouveau/nvkm/subdev/gsp/rm/r535/rm.o
  CC [M]  drivers/infiniband/core/uverbs_std_types_dm.o
  CC [M]  drivers/infiniband/core/uverbs_std_types_mr.o
  CC [M]  drivers/gpu/drm/nouveau/nvkm/subdev/gsp/rm/r535/gsp.o
  CC [M]  drivers/gpu/drm/nouveau/nvkm/subdev/gsp/rm/r535/rpc.o
  CC [M]  drivers/net/ethernet/mellanox/mlx5/core/fpga/conn.o
  CC [M]  drivers/infiniband/core/uverbs_std_types_counters.o
  CC [M]  drivers/gpu/drm/nouveau/nvkm/subdev/gsp/rm/r535/ctrl.o
  CC [M]  drivers/net/ethernet/mellanox/mlx5/core/fpga/sdk.o
  CC [M]  drivers/net/ethernet/mellanox/mlx5/core/en_accel/ktls_stats.o
  CC [M]  drivers/infiniband/core/uverbs_uapi.o
  CC [M]  drivers/gpu/drm/nouveau/nvkm/subdev/gsp/rm/r535/alloc.o
  CC [M]  drivers/gpu/drm/nouveau/nvkm/subdev/gsp/rm/r535/client.o
  CC [M]  drivers/gpu/drm/nouveau/nvkm/subdev/gsp/rm/r535/device.o
  CC [M]  drivers/net/ethernet/mellanox/mlx5/core/en_accel/fs_tcp.o
  CC [M]  drivers/net/ethernet/mellanox/mlx5/core/en_accel/ktls.o
  CC [M]  drivers/infiniband/core/uverbs_std_types_device.o
  CC [M]  drivers/net/ethernet/mellanox/mlx5/core/en_accel/ktls_txrx.o
  CC [M]  drivers/infiniband/core/uverbs_std_types_async_fd.o
  CC [M]  drivers/infiniband/core/uverbs_std_types_srq.o
  CC [M]  drivers/gpu/drm/nouveau/nvkm/subdev/gsp/rm/r535/bar.o
  CC [M]  drivers/gpu/drm/nouveau/nvkm/subdev/gsp/rm/r535/fbsr.o
  CC [M]  drivers/infiniband/core/uverbs_std_types_wq.o
  CC [M]  drivers/net/ethernet/mellanox/mlx5/core/en_accel/ktls_tx.o
  CC [M]  drivers/infiniband/core/uverbs_std_types_qp.o
  CC [M]  drivers/gpu/drm/nouveau/nvkm/subdev/gsp/rm/r535/vmm.o
  CC [M]  drivers/gpu/drm/nouveau/nvkm/subdev/gsp/rm/r535/disp.o
  CC [M]  drivers/net/ethernet/mellanox/mlx5/core/en_accel/ktls_rx.o
  CC [M]  drivers/gpu/drm/nouveau/nvkm/subdev/gsp/rm/r535/fifo.o
  CC [M]  drivers/gpu/drm/nouveau/nvkm/subdev/gsp/rm/r535/ce.o
  CC [M]  drivers/gpu/drm/nouveau/nvkm/subdev/gsp/rm/r535/gr.o
  CC [M]  drivers/infiniband/core/ucma.o
  CC [M]  drivers/gpu/drm/nouveau/nvkm/subdev/gsp/rm/r535/nvdec.o
  CC [M]  drivers/infiniband/core/rdma_core.o
  CC [M]  drivers/net/ethernet/mellanox/mlx5/core/steering/sws/dr_domain.o
  CC [M]  drivers/net/ethernet/mellanox/mlx5/core/steering/sws/dr_table.o
  CC [M]  drivers/net/ethernet/mellanox/mlx5/core/steering/sws/dr_matcher.o
  CC [M]  drivers/net/ethernet/mellanox/mlx5/core/steering/sws/dr_rule.o
  CC [M]  drivers/net/ethernet/mellanox/mlx5/core/steering/sws/dr_icm_pool.o
  CC [M]  drivers/infiniband/core/ucaps.o
  CC [M]  drivers/net/ethernet/mellanox/mlx5/core/steering/sws/dr_buddy.o
  CC [M]  drivers/net/ethernet/mellanox/mlx5/core/steering/sws/dr_ste.o
  CC [M]  drivers/gpu/drm/nouveau/nvkm/subdev/gsp/rm/r535/nvenc.o
  CC [M]  drivers/gpu/drm/nouveau/nvkm/subdev/gsp/rm/r535/nvjpg.o
  CC [M]  drivers/net/ethernet/mellanox/mlx5/core/steering/sws/dr_send.o
  CC [M]  drivers/infiniband/core/uverbs_flow.o
  CC [M]  drivers/gpu/drm/nouveau/nvkm/subdev/gsp/rm/r535/ofa.o
  CC [M]  drivers/net/ethernet/mellanox/mlx5/core/steering/sws/dr_ste_v0.o
  CC [M]  drivers/gpu/drm/nouveau/nvkm/subdev/gsp/rm/r570/rm.o
  LD [M]  drivers/infiniband/core/ib_core.o
  CC [M]  drivers/net/ethernet/mellanox/mlx5/core/steering/sws/dr_ste_v1.o
  LD [M]  drivers/infiniband/core/iw_cm.o
  CC [M]  drivers/net/ethernet/mellanox/mlx5/core/steering/sws/dr_ste_v2.o
  CC [M]  drivers/net/ethernet/mellanox/mlx5/core/steering/sws/dr_cmd.o
  CC [M]  drivers/net/ethernet/mellanox/mlx5/core/steering/sws/dr_ste_v3.o
  CC [M]  drivers/gpu/drm/nouveau/nvkm/subdev/gsp/rm/r570/gsp.o
  CC [M]  drivers/gpu/drm/nouveau/nvkm/subdev/gsp/rm/r570/client.o
  CC [M]  drivers/net/ethernet/mellanox/mlx5/core/steering/sws/dr_fw.o
  CC [M]  drivers/net/ethernet/mellanox/mlx5/core/steering/sws/dr_action.o
  CC [M]  drivers/net/ethernet/mellanox/mlx5/core/steering/sws/dr_definer.o
  CC [M]  drivers/net/ethernet/mellanox/mlx5/core/steering/sws/dr_ptrn.o
  CC [M]  drivers/net/ethernet/mellanox/mlx5/core/steering/sws/dr_arg.o
  CC [M]  drivers/gpu/drm/nouveau/nvkm/subdev/gsp/rm/r570/fbsr.o
  CC [M]  drivers/gpu/drm/nouveau/nvkm/subdev/gsp/rm/r570/disp.o
  LD [M]  drivers/infiniband/core/ib_uverbs.o
  CC [M]  drivers/net/ethernet/mellanox/mlx5/core/steering/sws/dr_dbg.o
  CC [M]  drivers/net/ethernet/mellanox/mlx5/core/steering/sws/fs_dr.o
  CC [M]  drivers/net/ethernet/mellanox/mlx5/core/lib/smfs.o
  CC [M]  drivers/net/ethernet/mellanox/mlx5/core/steering/hws/cmd.o
  CC [M]  drivers/net/ethernet/mellanox/mlx5/core/steering/hws/context.o
  CC [M]  drivers/net/ethernet/mellanox/mlx5/core/steering/hws/pat_arg.o
  CC [M]  drivers/net/ethernet/mellanox/mlx5/core/steering/hws/buddy.o
  CC [M]  drivers/net/ethernet/mellanox/mlx5/core/steering/hws/pool.o
  CC [M]  drivers/gpu/drm/nouveau/nvkm/subdev/gsp/rm/r570/fifo.o
  CC [M]  drivers/net/ethernet/mellanox/mlx5/core/steering/hws/table.o
  CC [M]  drivers/net/ethernet/mellanox/mlx5/core/steering/hws/action.o
  CC [M]  drivers/net/ethernet/mellanox/mlx5/core/steering/hws/rule.o
  CC [M]  drivers/gpu/drm/nouveau/nvkm/subdev/gsp/rm/r570/gr.o
  CC [M]  drivers/net/ethernet/mellanox/mlx5/core/steering/hws/matcher.o
  CC [M]  drivers/net/ethernet/mellanox/mlx5/core/steering/hws/send.o
  CC [M]  drivers/net/ethernet/mellanox/mlx5/core/steering/hws/definer.o
  CC [M]  drivers/gpu/drm/nouveau/nvkm/subdev/gsp/rm/r570/ofa.o
  CC [M]  drivers/net/ethernet/mellanox/mlx5/core/steering/hws/bwc.o
  CC [M]  drivers/net/ethernet/mellanox/mlx5/core/steering/hws/debug.o
  LD [M]  drivers/infiniband/core/rdma_cm.o
  CC [M]  drivers/net/ethernet/mellanox/mlx5/core/steering/hws/vport.o
  CC [M]  drivers/net/ethernet/mellanox/mlx5/core/steering/hws/bwc_complex.o
  CC [M]  drivers/gpu/drm/nouveau/nvkm/subdev/i2c/base.o
  LD [M]  drivers/infiniband/core/rdma_ucm.o
  CC [M]  drivers/net/ethernet/mellanox/mlx5/core/steering/hws/fs_hws_pools.o
  CC [M]  drivers/gpu/drm/nouveau/nvkm/subdev/i2c/nv04.o
  CC [M]  drivers/gpu/drm/nouveau/nvkm/subdev/i2c/nv4e.o
  CC [M]  drivers/net/ethernet/mellanox/mlx5/core/steering/hws/fs_hws.o
  CC [M]  drivers/gpu/drm/nouveau/nvkm/subdev/i2c/nv50.o
  CC [M]  drivers/net/ethernet/mellanox/mlx5/core/steering/hws/action_ste_pool.o
  CC [M]  drivers/gpu/drm/nouveau/nvkm/subdev/i2c/g94.o
  CC [M]  drivers/net/ethernet/mellanox/mlx5/core/sf/vhca_event.o
  CC [M]  drivers/net/ethernet/mellanox/mlx5/core/sf/dev/dev.o
  CC [M]  drivers/gpu/drm/nouveau/nvkm/subdev/i2c/gf117.o
  CC [M]  drivers/net/ethernet/mellanox/mlx5/core/sf/dev/driver.o
  CC [M]  drivers/net/ethernet/mellanox/mlx5/core/irq_affinity.o
  CC [M]  drivers/gpu/drm/nouveau/nvkm/subdev/i2c/gf119.o
  CC [M]  drivers/gpu/drm/nouveau/nvkm/subdev/i2c/gk104.o
  CC [M]  drivers/net/ethernet/mellanox/mlx5/core/sf/cmd.o
  CC [M]  drivers/gpu/drm/nouveau/nvkm/subdev/i2c/gk110.o
  CC [M]  drivers/net/ethernet/mellanox/mlx5/core/sf/hw_table.o
  CC [M]  drivers/net/ethernet/mellanox/mlx5/core/sf/devlink.o
  CC [M]  drivers/gpu/drm/nouveau/nvkm/subdev/i2c/gm200.o
  LD [M]  drivers/infiniband/core/ib_uverbs_support.o
  CC [M]  drivers/gpu/drm/nouveau/nvkm/subdev/i2c/pad.o
  CC [M]  drivers/gpu/drm/nouveau/nvkm/subdev/i2c/padnv04.o
  CC [M]  drivers/gpu/drm/nouveau/nvkm/subdev/i2c/padnv4e.o
  CC [M]  drivers/gpu/drm/nouveau/nvkm/subdev/i2c/padnv50.o
  CC [M]  drivers/gpu/drm/nouveau/nvkm/subdev/i2c/padg94.o
  CC [M]  drivers/gpu/drm/nouveau/nvkm/subdev/i2c/padgf119.o
  CC [M]  drivers/gpu/drm/nouveau/nvkm/subdev/i2c/padgm200.o
  CC [M]  drivers/gpu/drm/nouveau/nvkm/subdev/i2c/bus.o
  CC [M]  drivers/gpu/drm/nouveau/nvkm/subdev/i2c/busnv04.o
  CC [M]  drivers/gpu/drm/nouveau/nvkm/subdev/i2c/busnv4e.o
  CC [M]  drivers/gpu/drm/nouveau/nvkm/subdev/i2c/busnv50.o
  CC [M]  drivers/gpu/drm/nouveau/nvkm/subdev/i2c/busgf119.o
  CC [M]  drivers/gpu/drm/nouveau/nvkm/subdev/i2c/bit.o
  CC [M]  drivers/gpu/drm/nouveau/nvkm/subdev/i2c/auxch.o
  CC [M]  drivers/gpu/drm/nouveau/nvkm/subdev/i2c/auxg94.o
  CC [M]  drivers/gpu/drm/nouveau/nvkm/subdev/i2c/auxgf119.o
  CC [M]  drivers/gpu/drm/nouveau/nvkm/subdev/i2c/auxgm200.o
  CC [M]  drivers/gpu/drm/nouveau/nvkm/subdev/i2c/anx9805.o
  CC [M]  drivers/gpu/drm/nouveau/nvkm/subdev/iccsense/base.o
  CC [M]  drivers/gpu/drm/nouveau/nvkm/subdev/iccsense/gf100.o
  CC [M]  drivers/gpu/drm/nouveau/nvkm/subdev/instmem/base.o
  CC [M]  drivers/gpu/drm/nouveau/nvkm/subdev/instmem/nv04.o
  CC [M]  drivers/gpu/drm/nouveau/nvkm/subdev/instmem/nv40.o
  CC [M]  drivers/gpu/drm/nouveau/nvkm/subdev/instmem/nv50.o
  CC [M]  drivers/gpu/drm/nouveau/nvkm/subdev/instmem/gk20a.o
  CC [M]  drivers/gpu/drm/nouveau/nvkm/subdev/instmem/gh100.o
  CC [M]  drivers/gpu/drm/nouveau/nvkm/subdev/ltc/base.o
  CC [M]  drivers/gpu/drm/nouveau/nvkm/subdev/ltc/gf100.o
  CC [M]  drivers/gpu/drm/nouveau/nvkm/subdev/ltc/gk104.o
  CC [M]  drivers/gpu/drm/nouveau/nvkm/subdev/ltc/gm107.o
  CC [M]  drivers/gpu/drm/nouveau/nvkm/subdev/ltc/gm200.o
  CC [M]  drivers/gpu/drm/nouveau/nvkm/subdev/ltc/gp100.o
  CC [M]  drivers/gpu/drm/nouveau/nvkm/subdev/ltc/gp102.o
  CC [M]  drivers/gpu/drm/nouveau/nvkm/subdev/ltc/gp10b.o
  CC [M]  drivers/gpu/drm/nouveau/nvkm/subdev/ltc/ga102.o
  CC [M]  drivers/gpu/drm/nouveau/nvkm/subdev/mc/base.o
  CC [M]  drivers/gpu/drm/nouveau/nvkm/subdev/mc/nv04.o
  CC [M]  drivers/gpu/drm/nouveau/nvkm/subdev/mc/nv11.o
  CC [M]  drivers/gpu/drm/nouveau/nvkm/subdev/mc/nv17.o
  CC [M]  drivers/gpu/drm/nouveau/nvkm/subdev/mc/nv44.o
  CC [M]  drivers/gpu/drm/nouveau/nvkm/subdev/mc/nv50.o
  CC [M]  drivers/gpu/drm/nouveau/nvkm/subdev/mc/g84.o
  CC [M]  drivers/gpu/drm/nouveau/nvkm/subdev/mc/gt215.o
  CC [M]  drivers/gpu/drm/nouveau/nvkm/subdev/mc/g98.o
  CC [M]  drivers/gpu/drm/nouveau/nvkm/subdev/mc/gf100.o
  CC [M]  drivers/gpu/drm/nouveau/nvkm/subdev/mc/gk104.o
  CC [M]  drivers/gpu/drm/nouveau/nvkm/subdev/mc/gk20a.o
  CC [M]  drivers/gpu/drm/nouveau/nvkm/subdev/mc/gp100.o
  CC [M]  drivers/gpu/drm/nouveau/nvkm/subdev/mc/gp10b.o
  CC [M]  drivers/gpu/drm/nouveau/nvkm/subdev/mc/ga100.o
  CC [M]  drivers/gpu/drm/nouveau/nvkm/subdev/mmu/base.o
  CC [M]  drivers/gpu/drm/nouveau/nvkm/subdev/mmu/nv04.o
  CC [M]  drivers/gpu/drm/nouveau/nvkm/subdev/mmu/nv41.o
  CC [M]  drivers/gpu/drm/nouveau/nvkm/subdev/mmu/nv44.o
  CC [M]  drivers/gpu/drm/nouveau/nvkm/subdev/mmu/nv50.o
  CC [M]  drivers/gpu/drm/nouveau/nvkm/subdev/mmu/g84.o
  CC [M]  drivers/gpu/drm/nouveau/nvkm/subdev/mmu/mcp77.o
  CC [M]  drivers/gpu/drm/nouveau/nvkm/subdev/mmu/gf100.o
  CC [M]  drivers/gpu/drm/nouveau/nvkm/subdev/mmu/gk104.o
  CC [M]  drivers/gpu/drm/nouveau/nvkm/subdev/mmu/gk20a.o
  LD [M]  drivers/infiniband/core/ib_cm.o
  CC [M]  drivers/gpu/drm/nouveau/nvkm/subdev/mmu/gm200.o
  CC [M]  drivers/gpu/drm/nouveau/nvkm/subdev/mmu/gm20b.o
  CC [M]  drivers/gpu/drm/nouveau/nvkm/subdev/mmu/gp100.o
  CC [M]  drivers/gpu/drm/nouveau/nvkm/subdev/mmu/gp10b.o
  CC [M]  drivers/gpu/drm/nouveau/nvkm/subdev/mmu/gv100.o
  CC [M]  drivers/gpu/drm/nouveau/nvkm/subdev/mmu/tu102.o
  CC [M]  drivers/gpu/drm/nouveau/nvkm/subdev/mmu/gh100.o
  CC [M]  drivers/gpu/drm/nouveau/nvkm/subdev/mmu/mem.o
  CC [M]  drivers/gpu/drm/nouveau/nvkm/subdev/mmu/memnv04.o
  CC [M]  drivers/gpu/drm/nouveau/nvkm/subdev/mmu/memnv50.o
  CC [M]  drivers/gpu/drm/nouveau/nvkm/subdev/mmu/memgf100.o
  CC [M]  drivers/gpu/drm/nouveau/nvkm/subdev/mmu/vmm.o
  CC [M]  drivers/gpu/drm/nouveau/nvkm/subdev/mmu/vmmnv04.o
  CC [M]  drivers/gpu/drm/nouveau/nvkm/subdev/mmu/vmmnv41.o
  CC [M]  drivers/gpu/drm/nouveau/nvkm/subdev/mmu/vmmnv44.o
  CC [M]  drivers/gpu/drm/nouveau/nvkm/subdev/mmu/vmmnv50.o
  CC [M]  drivers/gpu/drm/nouveau/nvkm/subdev/mmu/vmmmcp77.o
  CC [M]  drivers/gpu/drm/nouveau/nvkm/subdev/mmu/vmmgf100.o
  CC [M]  drivers/gpu/drm/nouveau/nvkm/subdev/mmu/vmmgk104.o
  CC [M]  drivers/gpu/drm/nouveau/nvkm/subdev/mmu/vmmgk20a.o
  CC [M]  drivers/gpu/drm/nouveau/nvkm/subdev/mmu/vmmgm200.o
  CC [M]  drivers/gpu/drm/nouveau/nvkm/subdev/mmu/vmmgm20b.o
  CC [M]  drivers/gpu/drm/nouveau/nvkm/subdev/mmu/vmmgp100.o
  CC [M]  drivers/gpu/drm/nouveau/nvkm/subdev/mmu/vmmgp10b.o
  CC [M]  drivers/gpu/drm/nouveau/nvkm/subdev/mmu/vmmgv100.o
  CC [M]  drivers/gpu/drm/nouveau/nvkm/subdev/mmu/vmmtu102.o
  CC [M]  drivers/gpu/drm/nouveau/nvkm/subdev/mmu/vmmgh100.o
  CC [M]  drivers/gpu/drm/nouveau/nvkm/subdev/mmu/umem.o
  CC [M]  drivers/gpu/drm/nouveau/nvkm/subdev/mmu/ummu.o
  CC [M]  drivers/gpu/drm/nouveau/nvkm/subdev/mxm/base.o
  CC [M]  drivers/gpu/drm/nouveau/nvkm/subdev/mmu/uvmm.o
  LD [M]  drivers/net/ethernet/mellanox/mlx5/core/mlx5_core.o
  CC [M]  drivers/gpu/drm/nouveau/nvkm/subdev/mxm/mxms.o
  CC [M]  drivers/gpu/drm/nouveau/nvkm/subdev/pci/agp.o
  CC [M]  drivers/gpu/drm/nouveau/nvkm/subdev/mxm/nv50.o
  CC [M]  drivers/gpu/drm/nouveau/nvkm/subdev/pci/base.o
  CC [M]  drivers/gpu/drm/nouveau/nvkm/subdev/pci/pcie.o
  CC [M]  drivers/gpu/drm/nouveau/nvkm/subdev/pci/nv04.o
  CC [M]  drivers/gpu/drm/nouveau/nvkm/subdev/pci/nv40.o
  CC [M]  drivers/gpu/drm/nouveau/nvkm/subdev/pci/nv46.o
  CC [M]  drivers/gpu/drm/nouveau/nvkm/subdev/pci/nv4c.o
  CC [M]  drivers/gpu/drm/nouveau/nvkm/subdev/pci/g92.o
  CC [M]  drivers/gpu/drm/nouveau/nvkm/subdev/pci/g84.o
  CC [M]  drivers/gpu/drm/nouveau/nvkm/subdev/pci/gf100.o
  CC [M]  drivers/gpu/drm/nouveau/nvkm/subdev/pci/g94.o
  CC [M]  drivers/gpu/drm/nouveau/nvkm/subdev/pci/gf106.o
  CC [M]  drivers/gpu/drm/nouveau/nvkm/subdev/pci/gk104.o
  CC [M]  drivers/gpu/drm/nouveau/nvkm/subdev/pci/gp100.o
  CC [M]  drivers/gpu/drm/nouveau/nvkm/subdev/pci/gh100.o
  CC [M]  drivers/gpu/drm/nouveau/nvkm/subdev/pmu/base.o
  CC [M]  drivers/gpu/drm/nouveau/nvkm/subdev/pmu/memx.o
  CC [M]  drivers/gpu/drm/nouveau/nvkm/subdev/pmu/gt215.o
  CC [M]  drivers/gpu/drm/nouveau/nvkm/subdev/pmu/gf100.o
  CC [M]  drivers/gpu/drm/nouveau/nvkm/subdev/pmu/gf119.o
  CC [M]  drivers/gpu/drm/nouveau/nvkm/subdev/pmu/gk104.o
  CC [M]  drivers/gpu/drm/nouveau/nvkm/subdev/pmu/gk110.o
  CC [M]  drivers/gpu/drm/nouveau/nvkm/subdev/pmu/gk208.o
  CC [M]  drivers/gpu/drm/nouveau/nvkm/subdev/pmu/gk20a.o
  CC [M]  drivers/gpu/drm/nouveau/nvkm/subdev/pmu/gm107.o
  CC [M]  drivers/gpu/drm/nouveau/nvkm/subdev/pmu/gm200.o
  CC [M]  drivers/gpu/drm/nouveau/nvkm/subdev/pmu/gm20b.o
  CC [M]  drivers/gpu/drm/nouveau/nvkm/subdev/pmu/gp102.o
  CC [M]  drivers/gpu/drm/nouveau/nvkm/subdev/pmu/gp10b.o
  CC [M]  drivers/gpu/drm/nouveau/nvkm/subdev/privring/gf100.o
  CC [M]  drivers/gpu/drm/nouveau/nvkm/subdev/privring/gf117.o
  CC [M]  drivers/gpu/drm/nouveau/nvkm/subdev/privring/gk104.o
  CC [M]  drivers/gpu/drm/nouveau/nvkm/subdev/privring/gk20a.o
  CC [M]  drivers/gpu/drm/nouveau/nvkm/subdev/privring/gm200.o
  CC [M]  drivers/gpu/drm/nouveau/nvkm/subdev/privring/gp10b.o
  CC [M]  drivers/gpu/drm/nouveau/nvkm/subdev/therm/base.o
  CC [M]  drivers/gpu/drm/nouveau/nvkm/subdev/therm/fan.o
  CC [M]  drivers/gpu/drm/nouveau/nvkm/subdev/therm/fannil.o
  CC [M]  drivers/gpu/drm/nouveau/nvkm/subdev/therm/fanpwm.o
  CC [M]  drivers/gpu/drm/nouveau/nvkm/subdev/therm/fantog.o
  CC [M]  drivers/gpu/drm/nouveau/nvkm/subdev/therm/ic.o
  CC [M]  drivers/gpu/drm/nouveau/nvkm/subdev/therm/temp.o
  CC [M]  drivers/gpu/drm/nouveau/nvkm/subdev/therm/nv40.o
  CC [M]  drivers/gpu/drm/nouveau/nvkm/subdev/therm/nv50.o
  CC [M]  drivers/gpu/drm/nouveau/nvkm/subdev/therm/g84.o
  CC [M]  drivers/gpu/drm/nouveau/nvkm/subdev/therm/gt215.o
  CC [M]  drivers/gpu/drm/nouveau/nvkm/subdev/therm/gf100.o
  CC [M]  drivers/gpu/drm/nouveau/nvkm/subdev/therm/gf119.o
  CC [M]  drivers/gpu/drm/nouveau/nvkm/subdev/therm/gk104.o
  CC [M]  drivers/gpu/drm/nouveau/nvkm/subdev/therm/gm107.o
  CC [M]  drivers/gpu/drm/nouveau/nvkm/subdev/therm/gm200.o
  CC [M]  drivers/gpu/drm/nouveau/nvkm/subdev/therm/gp100.o
  CC [M]  drivers/gpu/drm/nouveau/nvkm/subdev/timer/base.o
  CC [M]  drivers/gpu/drm/nouveau/nvkm/subdev/timer/nv04.o
  CC [M]  drivers/gpu/drm/nouveau/nvkm/subdev/timer/nv40.o
  CC [M]  drivers/gpu/drm/nouveau/nvkm/subdev/timer/nv41.o
  CC [M]  drivers/gpu/drm/nouveau/nvkm/subdev/timer/gk20a.o
  CC [M]  drivers/gpu/drm/nouveau/nvkm/subdev/top/base.o
  CC [M]  drivers/gpu/drm/nouveau/nvkm/subdev/top/gk104.o
  CC [M]  drivers/gpu/drm/nouveau/nvkm/subdev/top/ga100.o
  CC [M]  drivers/gpu/drm/nouveau/nvkm/subdev/vfn/base.o
  CC [M]  drivers/gpu/drm/nouveau/nvkm/subdev/vfn/uvfn.o
  AR      drivers/net/ethernet/built-in.a
  CC [M]  drivers/gpu/drm/nouveau/nvkm/subdev/vfn/gv100.o
  CC [M]  drivers/gpu/drm/nouveau/nvkm/subdev/vfn/tu102.o
  CC [M]  drivers/gpu/drm/nouveau/nvkm/subdev/vfn/ga100.o
  CC [M]  drivers/gpu/drm/nouveau/nvkm/subdev/vfn/r535.o
  AR      drivers/net/built-in.a
  CC [M]  drivers/gpu/drm/nouveau/nvkm/subdev/volt/base.o
  CC [M]  drivers/gpu/drm/nouveau/nvkm/subdev/volt/gpio.o
  CC [M]  drivers/gpu/drm/nouveau/nvkm/subdev/volt/nv40.o
  CC [M]  drivers/gpu/drm/nouveau/nvkm/subdev/volt/gf100.o
  CC [M]  drivers/gpu/drm/nouveau/nvkm/subdev/volt/gf117.o
  CC [M]  drivers/gpu/drm/nouveau/nvkm/subdev/volt/gk104.o
  CC [M]  drivers/gpu/drm/nouveau/nvkm/subdev/volt/gk20a.o
  CC [M]  drivers/gpu/drm/nouveau/nvkm/subdev/volt/gm20b.o
  CC [M]  drivers/gpu/drm/nouveau/nvkm/engine/falcon.o
  CC [M]  drivers/gpu/drm/nouveau/nvkm/engine/xtensa.o
  CC [M]  drivers/gpu/drm/nouveau/nvkm/engine/bsp/g84.o
  CC [M]  drivers/gpu/drm/nouveau/nvkm/engine/ce/gt215.o
  CC [M]  drivers/gpu/drm/nouveau/nvkm/engine/ce/gf100.o
  CC [M]  drivers/gpu/drm/nouveau/nvkm/engine/ce/gk104.o
  CC [M]  drivers/gpu/drm/nouveau/nvkm/engine/ce/gm200.o
  CC [M]  drivers/gpu/drm/nouveau/nvkm/engine/ce/gm107.o
  CC [M]  drivers/gpu/drm/nouveau/nvkm/engine/ce/gp100.o
  CC [M]  drivers/gpu/drm/nouveau/nvkm/engine/ce/gp102.o
  CC [M]  drivers/gpu/drm/nouveau/nvkm/engine/ce/gv100.o
  CC [M]  drivers/gpu/drm/nouveau/nvkm/engine/ce/tu102.o
  CC [M]  drivers/gpu/drm/nouveau/nvkm/engine/ce/ga100.o
  CC [M]  drivers/gpu/drm/nouveau/nvkm/engine/ce/ga102.o
  CC [M]  drivers/gpu/drm/nouveau/nvkm/engine/ce/gb202.o
  CC [M]  drivers/gpu/drm/nouveau/nvkm/engine/cipher/g84.o
  CC [M]  drivers/gpu/drm/nouveau/nvkm/engine/device/acpi.o
  CC [M]  drivers/gpu/drm/nouveau/nvkm/engine/device/base.o
  CC [M]  drivers/gpu/drm/nouveau/nvkm/engine/device/ctrl.o
  CC [M]  drivers/gpu/drm/nouveau/nvkm/engine/device/pci.o
  CC [M]  drivers/gpu/drm/nouveau/nvkm/engine/device/tegra.o
  CC [M]  drivers/gpu/drm/nouveau/nvkm/engine/device/user.o
  CC [M]  drivers/gpu/drm/nouveau/nvkm/engine/disp/base.o
  CC [M]  drivers/gpu/drm/nouveau/nvkm/engine/disp/conn.o
  CC [M]  drivers/gpu/drm/nouveau/nvkm/engine/disp/chan.o
  CC [M]  drivers/gpu/drm/nouveau/nvkm/engine/disp/dp.o
  CC [M]  drivers/gpu/drm/nouveau/nvkm/engine/disp/hdmi.o
  CC [M]  drivers/gpu/drm/nouveau/nvkm/engine/disp/head.o
  CC [M]  drivers/gpu/drm/nouveau/nvkm/engine/disp/ior.o
  CC [M]  drivers/gpu/drm/nouveau/nvkm/engine/disp/outp.o
  CC [M]  drivers/gpu/drm/nouveau/nvkm/engine/disp/vga.o
  CC [M]  drivers/gpu/drm/nouveau/nvkm/engine/disp/nv04.o
  CC [M]  drivers/gpu/drm/nouveau/nvkm/engine/disp/nv50.o
  CC [M]  drivers/gpu/drm/nouveau/nvkm/engine/disp/g84.o
  CC [M]  drivers/gpu/drm/nouveau/nvkm/engine/disp/g94.o
  CC [M]  drivers/gpu/drm/nouveau/nvkm/engine/disp/gt200.o
  CC [M]  drivers/gpu/drm/nouveau/nvkm/engine/disp/mcp77.o
  CC [M]  drivers/gpu/drm/nouveau/nvkm/engine/disp/gt215.o
  CC [M]  drivers/gpu/drm/nouveau/nvkm/engine/disp/mcp89.o
  CC [M]  drivers/gpu/drm/nouveau/nvkm/engine/disp/gf119.o
  CC [M]  drivers/gpu/drm/nouveau/nvkm/engine/disp/gk104.o
  CC [M]  drivers/gpu/drm/nouveau/nvkm/engine/disp/gk110.o
  CC [M]  drivers/gpu/drm/nouveau/nvkm/engine/disp/gm107.o
  CC [M]  drivers/gpu/drm/nouveau/nvkm/engine/disp/gm200.o
  CC [M]  drivers/gpu/drm/nouveau/nvkm/engine/disp/gp100.o
  CC [M]  drivers/gpu/drm/nouveau/nvkm/engine/disp/gp102.o
  CC [M]  drivers/gpu/drm/nouveau/nvkm/engine/disp/gv100.o
  CC [M]  drivers/gpu/drm/nouveau/nvkm/engine/disp/tu102.o
  CC [M]  drivers/gpu/drm/nouveau/nvkm/engine/disp/ga102.o
  CC [M]  drivers/gpu/drm/nouveau/nvkm/engine/disp/udisp.o
  CC [M]  drivers/gpu/drm/nouveau/nvkm/engine/disp/uconn.o
  CC [M]  drivers/gpu/drm/nouveau/nvkm/engine/disp/uoutp.o
  CC [M]  drivers/gpu/drm/nouveau/nvkm/engine/disp/uhead.o
  CC [M]  drivers/gpu/drm/nouveau/nvkm/engine/dma/base.o
  CC [M]  drivers/gpu/drm/nouveau/nvkm/engine/dma/nv04.o
  CC [M]  drivers/gpu/drm/nouveau/nvkm/engine/dma/nv50.o
  CC [M]  drivers/gpu/drm/nouveau/nvkm/engine/dma/gf100.o
  CC [M]  drivers/gpu/drm/nouveau/nvkm/engine/dma/gf119.o
  CC [M]  drivers/gpu/drm/nouveau/nvkm/engine/dma/gv100.o
  CC [M]  drivers/gpu/drm/nouveau/nvkm/engine/dma/user.o
  CC [M]  drivers/gpu/drm/nouveau/nvkm/engine/dma/usernv04.o
  CC [M]  drivers/gpu/drm/nouveau/nvkm/engine/dma/usernv50.o
  CC [M]  drivers/gpu/drm/nouveau/nvkm/engine/dma/usergf100.o
  CC [M]  drivers/gpu/drm/nouveau/nvkm/engine/dma/usergf119.o
  CC [M]  drivers/gpu/drm/nouveau/nvkm/engine/dma/usergv100.o
  CC [M]  drivers/gpu/drm/nouveau/nvkm/engine/fifo/base.o
  CC [M]  drivers/gpu/drm/nouveau/nvkm/engine/fifo/cgrp.o
  CC [M]  drivers/gpu/drm/nouveau/nvkm/engine/fifo/chan.o
  CC [M]  drivers/gpu/drm/nouveau/nvkm/engine/fifo/chid.o
  CC [M]  drivers/gpu/drm/nouveau/nvkm/engine/fifo/runl.o
  CC [M]  drivers/gpu/drm/nouveau/nvkm/engine/fifo/runq.o
  CC [M]  drivers/gpu/drm/nouveau/nvkm/engine/fifo/nv04.o
  CC [M]  drivers/gpu/drm/nouveau/nvkm/engine/fifo/nv10.o
  CC [M]  drivers/gpu/drm/nouveau/nvkm/engine/fifo/nv17.o
  CC [M]  drivers/gpu/drm/nouveau/nvkm/engine/fifo/nv40.o
  CC [M]  drivers/gpu/drm/nouveau/nvkm/engine/fifo/nv50.o
  CC [M]  drivers/gpu/drm/nouveau/nvkm/engine/fifo/g84.o
  CC [M]  drivers/gpu/drm/nouveau/nvkm/engine/fifo/g98.o
  CC [M]  drivers/gpu/drm/nouveau/nvkm/engine/fifo/gf100.o
  CC [M]  drivers/gpu/drm/nouveau/nvkm/engine/fifo/gk104.o
  CC [M]  drivers/gpu/drm/nouveau/nvkm/engine/fifo/gk110.o
  CC [M]  drivers/gpu/drm/nouveau/nvkm/engine/fifo/gk208.o
  CC [M]  drivers/gpu/drm/nouveau/nvkm/engine/fifo/gk20a.o
  CC [M]  drivers/gpu/drm/nouveau/nvkm/engine/fifo/gm107.o
  CC [M]  drivers/gpu/drm/nouveau/nvkm/engine/fifo/gm200.o
  CC [M]  drivers/gpu/drm/nouveau/nvkm/engine/fifo/gp100.o
  CC [M]  drivers/gpu/drm/nouveau/nvkm/engine/fifo/gv100.o
  CC [M]  drivers/gpu/drm/nouveau/nvkm/engine/fifo/tu102.o
  CC [M]  drivers/gpu/drm/nouveau/nvkm/engine/fifo/ga100.o
  CC [M]  drivers/gpu/drm/nouveau/nvkm/engine/fifo/ga102.o
  CC [M]  drivers/gpu/drm/nouveau/nvkm/engine/fifo/gb202.o
  CC [M]  drivers/gpu/drm/nouveau/nvkm/engine/fifo/ucgrp.o
  CC [M]  drivers/gpu/drm/nouveau/nvkm/engine/fifo/uchan.o
  CC [M]  drivers/gpu/drm/nouveau/nvkm/engine/gr/base.o
  CC [M]  drivers/gpu/drm/nouveau/nvkm/engine/gr/nv04.o
  CC [M]  drivers/gpu/drm/nouveau/nvkm/engine/gr/nv10.o
  CC [M]  drivers/gpu/drm/nouveau/nvkm/engine/gr/nv15.o
  CC [M]  drivers/gpu/drm/nouveau/nvkm/engine/gr/nv17.o
  CC [M]  drivers/gpu/drm/nouveau/nvkm/engine/gr/nv20.o
  CC [M]  drivers/gpu/drm/nouveau/nvkm/engine/gr/nv25.o
  CC [M]  drivers/gpu/drm/nouveau/nvkm/engine/gr/nv2a.o
  CC [M]  drivers/gpu/drm/nouveau/nvkm/engine/gr/nv30.o
  CC [M]  drivers/gpu/drm/nouveau/nvkm/engine/gr/nv34.o
  CC [M]  drivers/gpu/drm/nouveau/nvkm/engine/gr/nv35.o
  CC [M]  drivers/gpu/drm/nouveau/nvkm/engine/gr/nv40.o
  CC [M]  drivers/gpu/drm/nouveau/nvkm/engine/gr/nv44.o
  CC [M]  drivers/gpu/drm/nouveau/nvkm/engine/gr/nv50.o
  CC [M]  drivers/gpu/drm/nouveau/nvkm/engine/gr/g84.o
  CC [M]  drivers/gpu/drm/nouveau/nvkm/engine/gr/gt200.o
  CC [M]  drivers/gpu/drm/nouveau/nvkm/engine/gr/mcp79.o
  CC [M]  drivers/gpu/drm/nouveau/nvkm/engine/gr/gt215.o
  CC [M]  drivers/gpu/drm/nouveau/nvkm/engine/gr/mcp89.o
  CC [M]  drivers/gpu/drm/nouveau/nvkm/engine/gr/gf100.o
  CC [M]  drivers/gpu/drm/nouveau/nvkm/engine/gr/gf104.o
  CC [M]  drivers/gpu/drm/nouveau/nvkm/engine/gr/gf108.o
  CC [M]  drivers/gpu/drm/nouveau/nvkm/engine/gr/gf110.o
  CC [M]  drivers/gpu/drm/nouveau/nvkm/engine/gr/gf117.o
  CC [M]  drivers/gpu/drm/nouveau/nvkm/engine/gr/gf119.o
  CC [M]  drivers/gpu/drm/nouveau/nvkm/engine/gr/gk104.o
  CC [M]  drivers/gpu/drm/nouveau/nvkm/engine/gr/gk110.o
  CC [M]  drivers/gpu/drm/nouveau/nvkm/engine/gr/gk110b.o
  CC [M]  drivers/gpu/drm/nouveau/nvkm/engine/gr/gk208.o
  CC [M]  drivers/gpu/drm/nouveau/nvkm/engine/gr/gk20a.o
  CC [M]  drivers/gpu/drm/nouveau/nvkm/engine/gr/gm107.o
  CC [M]  drivers/gpu/drm/nouveau/nvkm/engine/gr/gm200.o
  CC [M]  drivers/gpu/drm/nouveau/nvkm/engine/gr/gm20b.o
  CC [M]  drivers/gpu/drm/nouveau/nvkm/engine/gr/gp100.o
  CC [M]  drivers/gpu/drm/nouveau/nvkm/engine/gr/gp102.o
  CC [M]  drivers/gpu/drm/nouveau/nvkm/engine/gr/gp104.o
  CC [M]  drivers/gpu/drm/nouveau/nvkm/engine/gr/gp107.o
  CC [M]  drivers/gpu/drm/nouveau/nvkm/engine/gr/gp108.o
  CC [M]  drivers/gpu/drm/nouveau/nvkm/engine/gr/gp10b.o
  CC [M]  drivers/gpu/drm/nouveau/nvkm/engine/gr/gv100.o
  CC [M]  drivers/gpu/drm/nouveau/nvkm/engine/gr/ga102.o
  CC [M]  drivers/gpu/drm/nouveau/nvkm/engine/gr/tu102.o
  CC [M]  drivers/gpu/drm/nouveau/nvkm/engine/gr/ctxnv40.o
  CC [M]  drivers/gpu/drm/nouveau/nvkm/engine/gr/ctxnv50.o
  CC [M]  drivers/gpu/drm/nouveau/nvkm/engine/gr/ctxgf100.o
  CC [M]  drivers/gpu/drm/nouveau/nvkm/engine/gr/ctxgf104.o
  CC [M]  drivers/gpu/drm/nouveau/nvkm/engine/gr/ctxgf108.o
  CC [M]  drivers/gpu/drm/nouveau/nvkm/engine/gr/ctxgf110.o
  CC [M]  drivers/gpu/drm/nouveau/nvkm/engine/gr/ctxgf117.o
  CC [M]  drivers/gpu/drm/nouveau/nvkm/engine/gr/ctxgf119.o
  CC [M]  drivers/gpu/drm/nouveau/nvkm/engine/gr/ctxgk104.o
  CC [M]  drivers/gpu/drm/nouveau/nvkm/engine/gr/ctxgk110.o
  CC [M]  drivers/gpu/drm/nouveau/nvkm/engine/gr/ctxgk110b.o
  CC [M]  drivers/gpu/drm/nouveau/nvkm/engine/gr/ctxgk208.o
  CC [M]  drivers/gpu/drm/nouveau/nvkm/engine/gr/ctxgk20a.o
  CC [M]  drivers/gpu/drm/nouveau/nvkm/engine/gr/ctxgm107.o
  CC [M]  drivers/gpu/drm/nouveau/nvkm/engine/gr/ctxgm200.o
  CC [M]  drivers/gpu/drm/nouveau/nvkm/engine/gr/ctxgm20b.o
  CC [M]  drivers/gpu/drm/nouveau/nvkm/engine/gr/ctxgp100.o
  CC [M]  drivers/gpu/drm/nouveau/nvkm/engine/gr/ctxgp102.o
  CC [M]  drivers/gpu/drm/nouveau/nvkm/engine/gr/ctxgp104.o
  CC [M]  drivers/gpu/drm/nouveau/nvkm/engine/gr/ctxgp107.o
  CC [M]  drivers/gpu/drm/nouveau/nvkm/engine/gr/ctxgv100.o
  CC [M]  drivers/gpu/drm/nouveau/nvkm/engine/gr/ctxtu102.o
  CC [M]  drivers/gpu/drm/nouveau/nvkm/engine/gr/ctxga102.o
  CC [M]  drivers/gpu/drm/nouveau/nvkm/engine/mpeg/nv31.o
  CC [M]  drivers/gpu/drm/nouveau/nvkm/engine/mpeg/nv40.o
  CC [M]  drivers/gpu/drm/nouveau/nvkm/engine/mpeg/nv44.o
  CC [M]  drivers/gpu/drm/nouveau/nvkm/engine/mpeg/nv50.o
  CC [M]  drivers/gpu/drm/nouveau/nvkm/engine/mpeg/g84.o
  CC [M]  drivers/gpu/drm/nouveau/nvkm/engine/mspdec/base.o
  CC [M]  drivers/gpu/drm/nouveau/nvkm/engine/mspdec/g98.o
  CC [M]  drivers/gpu/drm/nouveau/nvkm/engine/mspdec/gt215.o
  CC [M]  drivers/gpu/drm/nouveau/nvkm/engine/mspdec/gf100.o
  CC [M]  drivers/gpu/drm/nouveau/nvkm/engine/mspdec/gk104.o
  CC [M]  drivers/gpu/drm/nouveau/nvkm/engine/msppp/base.o
  CC [M]  drivers/gpu/drm/nouveau/nvkm/engine/msppp/g98.o
  CC [M]  drivers/gpu/drm/nouveau/nvkm/engine/msppp/gt215.o
  CC [M]  drivers/gpu/drm/nouveau/nvkm/engine/msppp/gf100.o
  CC [M]  drivers/gpu/drm/nouveau/nvkm/engine/msvld/base.o
  CC [M]  drivers/gpu/drm/nouveau/nvkm/engine/msvld/g98.o
  CC [M]  drivers/gpu/drm/nouveau/nvkm/engine/msvld/gt215.o
  CC [M]  drivers/gpu/drm/nouveau/nvkm/engine/msvld/mcp89.o
  CC [M]  drivers/gpu/drm/nouveau/nvkm/engine/msvld/gf100.o
  CC [M]  drivers/gpu/drm/nouveau/nvkm/engine/msvld/gk104.o
  CC [M]  drivers/gpu/drm/nouveau/nvkm/engine/nvenc/base.o
  CC [M]  drivers/gpu/drm/nouveau/nvkm/engine/nvenc/gm107.o
  CC [M]  drivers/gpu/drm/nouveau/nvkm/engine/nvenc/tu102.o
  CC [M]  drivers/gpu/drm/nouveau/nvkm/engine/nvdec/base.o
  CC [M]  drivers/gpu/drm/nouveau/nvkm/engine/nvdec/gm107.o
  CC [M]  drivers/gpu/drm/nouveau/nvkm/engine/nvdec/tu102.o
  CC [M]  drivers/gpu/drm/nouveau/nvkm/engine/nvdec/ga102.o
  CC [M]  drivers/gpu/drm/nouveau/nvkm/engine/sec/g98.o
  CC [M]  drivers/gpu/drm/nouveau/nvkm/engine/sec2/base.o
  CC [M]  drivers/gpu/drm/nouveau/nvkm/engine/sec2/gp102.o
  CC [M]  drivers/gpu/drm/nouveau/nvkm/engine/sec2/gp108.o
  CC [M]  drivers/gpu/drm/nouveau/nvkm/engine/sec2/ga102.o
  CC [M]  drivers/gpu/drm/nouveau/nvkm/engine/sec2/tu102.o
  CC [M]  drivers/gpu/drm/nouveau/nvkm/engine/sec2/r535.o
  CC [M]  drivers/gpu/drm/nouveau/nvkm/engine/sw/base.o
  CC [M]  drivers/gpu/drm/nouveau/nvkm/engine/sw/nv04.o
  CC [M]  drivers/gpu/drm/nouveau/nvkm/engine/sw/nv50.o
  CC [M]  drivers/gpu/drm/nouveau/nvkm/engine/sw/nv10.o
  CC [M]  drivers/gpu/drm/nouveau/nvkm/engine/sw/gf100.o
  CC [M]  drivers/gpu/drm/nouveau/nvkm/engine/sw/nvsw.o
  CC [M]  drivers/gpu/drm/nouveau/nvkm/engine/sw/chan.o
  CC [M]  drivers/gpu/drm/nouveau/nvkm/engine/vp/g84.o
  CC [M]  drivers/gpu/drm/nouveau/nouveau_acpi.o
  CC [M]  drivers/gpu/drm/nouveau/nouveau_debugfs.o
  CC [M]  drivers/gpu/drm/nouveau/nouveau_drm.o
  CC [M]  drivers/gpu/drm/nouveau/nouveau_hwmon.o
  CC [M]  drivers/gpu/drm/nouveau/nouveau_ioc32.o
  CC [M]  drivers/gpu/drm/nouveau/nouveau_led.o
  CC [M]  drivers/gpu/drm/nouveau/nouveau_nvif.o
  CC [M]  drivers/gpu/drm/nouveau/nouveau_vga.o
  CC [M]  drivers/gpu/drm/nouveau/nouveau_bo.o
  CC [M]  drivers/gpu/drm/nouveau/nouveau_bo0039.o
  CC [M]  drivers/gpu/drm/nouveau/nouveau_bo5039.o
  CC [M]  drivers/gpu/drm/nouveau/nouveau_bo74c1.o
  CC [M]  drivers/gpu/drm/nouveau/nouveau_bo85b5.o
  CC [M]  drivers/gpu/drm/nouveau/nouveau_bo90b5.o
  CC [M]  drivers/gpu/drm/nouveau/nouveau_bo9039.o
  CC [M]  drivers/gpu/drm/nouveau/nouveau_boa0b5.o
  CC [M]  drivers/gpu/drm/nouveau/nouveau_gem.o
  CC [M]  drivers/gpu/drm/nouveau/nouveau_mem.o
  CC [M]  drivers/gpu/drm/nouveau/nouveau_prime.o
  CC [M]  drivers/gpu/drm/nouveau/nouveau_sgdma.o
  CC [M]  drivers/gpu/drm/nouveau/nouveau_ttm.o
  CC [M]  drivers/gpu/drm/nouveau/nouveau_vmm.o
  CC [M]  drivers/gpu/drm/nouveau/nouveau_exec.o
  CC [M]  drivers/gpu/drm/nouveau/nouveau_sched.o
  CC [M]  drivers/gpu/drm/nouveau/nouveau_uvmm.o
  CC [M]  drivers/gpu/drm/nouveau/nouveau_backlight.o
  CC [M]  drivers/gpu/drm/nouveau/nouveau_bios.o
  CC [M]  drivers/gpu/drm/nouveau/nouveau_connector.o
  CC [M]  drivers/gpu/drm/nouveau/nouveau_display.o
  CC [M]  drivers/gpu/drm/nouveau/nouveau_dp.o
  CC [M]  drivers/gpu/drm/nouveau/dispnv04/arb.o
  CC [M]  drivers/gpu/drm/nouveau/dispnv04/crtc.o
  CC [M]  drivers/gpu/drm/nouveau/dispnv04/cursor.o
  CC [M]  drivers/gpu/drm/nouveau/dispnv04/dac.o
  CC [M]  drivers/gpu/drm/nouveau/dispnv04/dfp.o
  CC [M]  drivers/gpu/drm/nouveau/dispnv04/disp.o
  CC [M]  drivers/gpu/drm/nouveau/dispnv04/hw.o
  CC [M]  drivers/gpu/drm/nouveau/dispnv04/nouveau_i2c_encoder.o
  CC [M]  drivers/gpu/drm/nouveau/dispnv04/overlay.o
  CC [M]  drivers/gpu/drm/nouveau/dispnv04/tvmodesnv17.o
  CC [M]  drivers/gpu/drm/nouveau/dispnv04/tvnv04.o
  CC [M]  drivers/gpu/drm/nouveau/dispnv04/tvnv17.o
  CC [M]  drivers/gpu/drm/nouveau/dispnv50/disp.o
  CC [M]  drivers/gpu/drm/nouveau/dispnv50/lut.o
  CC [M]  drivers/gpu/drm/nouveau/dispnv50/core.o
  CC [M]  drivers/gpu/drm/nouveau/dispnv50/core507d.o
  CC [M]  drivers/gpu/drm/nouveau/dispnv50/core827d.o
  CC [M]  drivers/gpu/drm/nouveau/dispnv50/core917d.o
  CC [M]  drivers/gpu/drm/nouveau/dispnv50/core907d.o
  CC [M]  drivers/gpu/drm/nouveau/dispnv50/corec37d.o
  CC [M]  drivers/gpu/drm/nouveau/dispnv50/corec57d.o
  CC [M]  drivers/gpu/drm/nouveau/dispnv50/coreca7d.o
  CC [M]  drivers/gpu/drm/nouveau/dispnv50/crc.o
  CC [M]  drivers/gpu/drm/nouveau/dispnv50/crc907d.o
  CC [M]  drivers/gpu/drm/nouveau/dispnv50/crcc37d.o
  CC [M]  drivers/gpu/drm/nouveau/dispnv50/crcc57d.o
  CC [M]  drivers/gpu/drm/nouveau/dispnv50/crcca7d.o
  CC [M]  drivers/gpu/drm/nouveau/dispnv50/dac507d.o
  CC [M]  drivers/gpu/drm/nouveau/dispnv50/dac907d.o
  CC [M]  drivers/gpu/drm/nouveau/dispnv50/pior507d.o
  CC [M]  drivers/gpu/drm/nouveau/dispnv50/sor507d.o
  CC [M]  drivers/gpu/drm/nouveau/dispnv50/sor907d.o
  CC [M]  drivers/gpu/drm/nouveau/dispnv50/sorc37d.o
  CC [M]  drivers/gpu/drm/nouveau/dispnv50/head.o
  CC [M]  drivers/gpu/drm/nouveau/dispnv50/head507d.o
  CC [M]  drivers/gpu/drm/nouveau/dispnv50/head827d.o
  CC [M]  drivers/gpu/drm/nouveau/dispnv50/head907d.o
  CC [M]  drivers/gpu/drm/nouveau/dispnv50/head917d.o
  CC [M]  drivers/gpu/drm/nouveau/dispnv50/headc37d.o
  CC [M]  drivers/gpu/drm/nouveau/dispnv50/headc57d.o
  CC [M]  drivers/gpu/drm/nouveau/dispnv50/headca7d.o
  CC [M]  drivers/gpu/drm/nouveau/dispnv50/wimm.o
  CC [M]  drivers/gpu/drm/nouveau/dispnv50/wimmc37b.o
  CC [M]  drivers/gpu/drm/nouveau/dispnv50/wndw.o
  CC [M]  drivers/gpu/drm/nouveau/dispnv50/wndwc37e.o
  CC [M]  drivers/gpu/drm/nouveau/dispnv50/wndwc67e.o
  CC [M]  drivers/gpu/drm/nouveau/dispnv50/wndwc57e.o
  CC [M]  drivers/gpu/drm/nouveau/dispnv50/wndwca7e.o
  CC [M]  drivers/gpu/drm/nouveau/dispnv50/base.o
  CC [M]  drivers/gpu/drm/nouveau/dispnv50/base507c.o
  CC [M]  drivers/gpu/drm/nouveau/dispnv50/base827c.o
  CC [M]  drivers/gpu/drm/nouveau/dispnv50/base907c.o
  CC [M]  drivers/gpu/drm/nouveau/dispnv50/base917c.o
  CC [M]  drivers/gpu/drm/nouveau/dispnv50/curs.o
  CC [M]  drivers/gpu/drm/nouveau/dispnv50/curs507a.o
  CC [M]  drivers/gpu/drm/nouveau/dispnv50/curs907a.o
  CC [M]  drivers/gpu/drm/nouveau/dispnv50/cursc37a.o
  CC [M]  drivers/gpu/drm/nouveau/dispnv50/oimm.o
  CC [M]  drivers/gpu/drm/nouveau/dispnv50/oimm507b.o
  CC [M]  drivers/gpu/drm/nouveau/dispnv50/ovly.o
  CC [M]  drivers/gpu/drm/nouveau/dispnv50/ovly507e.o
  CC [M]  drivers/gpu/drm/nouveau/dispnv50/ovly827e.o
  CC [M]  drivers/gpu/drm/nouveau/dispnv50/ovly907e.o
  CC [M]  drivers/gpu/drm/nouveau/dispnv50/ovly917e.o
  CC [M]  drivers/gpu/drm/nouveau/nouveau_chan.o
  CC [M]  drivers/gpu/drm/nouveau/nouveau_abi16.o
  CC [M]  drivers/gpu/drm/nouveau/nouveau_dma.o
  CC [M]  drivers/gpu/drm/nouveau/nouveau_fence.o
  CC [M]  drivers/gpu/drm/nouveau/nv04_fence.o
  CC [M]  drivers/gpu/drm/nouveau/nv10_fence.o
  CC [M]  drivers/gpu/drm/nouveau/nv17_fence.o
  CC [M]  drivers/gpu/drm/nouveau/nv50_fence.o
  CC [M]  drivers/gpu/drm/nouveau/nv84_fence.o
  CC [M]  drivers/gpu/drm/nouveau/nvc0_fence.o
  CC [M]  drivers/gpu/drm/nouveau/gv100_fence.o
  LD [M]  drivers/gpu/drm/nouveau/ch7006.o
  LD [M]  drivers/gpu/drm/nouveau/sil164.o
  LD [M]  drivers/gpu/drm/nouveau/nouveau.o
  AR      drivers/gpu/built-in.a
  AR      drivers/built-in.a
  AR      built-in.a
  AR      built-in-fixup.a
  COPY    vmlinux.a
  LD      vmlinux.o
  GEN     .vmlinux.objs
  MODPOST Module.symvers
  CC      .vmlinux.export.o
  UPD     include/generated/utsversion.h
  CC      init/version-timestamp.o
  KSYMS   .tmp_vmlinux0.kallsyms.S
  AS      .tmp_vmlinux0.kallsyms.o
  LD      .tmp_vmlinux1
  BTF     .tmp_vmlinux1
  NM      .tmp_vmlinux1.syms
  KSYMS   .tmp_vmlinux1.kallsyms.S
  AS      .tmp_vmlinux1.kallsyms.o
  LD      .tmp_vmlinux2
  NM      .tmp_vmlinux2.syms
  KSYMS   .tmp_vmlinux2.kallsyms.S
  AS      .tmp_vmlinux2.kallsyms.o
  LD      vmlinux.unstripped
  BTFIDS  vmlinux.unstripped
  NM      System.map
  SORTTAB vmlinux.unstripped
  OBJCOPY vmlinux
  GEN     modules.builtin.modinfo
  GEN     modules.builtin
  CC      arch/x86/boot/a20.o
  CC [M]  arch/x86/events/intel/intel-cstate.mod.o
  AS      arch/x86/boot/bioscall.o
  CC [M]  .module-common.o
  CC [M]  arch/x86/events/rapl.mod.o
  CC      arch/x86/boot/cmdline.o
  CC [M]  arch/x86/crypto/aesni-intel.mod.o
  CC [M]  arch/x86/kvm/kvm.mod.o
  AS      arch/x86/boot/copy.o
  CC [M]  arch/x86/kvm/kvm-intel.mod.o
  HOSTCC  arch/x86/boot/mkcpustr
  CC [M]  arch/x86/kvm/kvm-amd.mod.o
  CC [M]  kernel/configs.mod.o
  CC [M]  fs/nfs_common/nfs_acl.mod.o
  CC      arch/x86/boot/cpuflags.o
  CC [M]  fs/nfs_common/grace.mod.o
  CC [M]  fs/nls/nls_iso8859-1.mod.o
  CC      arch/x86/boot/cpucheck.o
  CC      arch/x86/boot/early_serial_console.o
  CC [M]  fs/binfmt_misc.mod.o
  CC      arch/x86/boot/edd.o
  CC [M]  fs/netfs/netfs.mod.o
  CC      arch/x86/boot/main.o
  CC [M]  fs/nfs/nfs.mod.o
  CC      arch/x86/boot/memory.o
  CC [M]  fs/nfs/nfsv3.mod.o
  CC      arch/x86/boot/pm.o
  CC [M]  fs/lockd/lockd.mod.o
  AS      arch/x86/boot/pmjump.o
  CC [M]  fs/autofs/autofs4.mod.o
  CC      arch/x86/boot/printf.o
  CC [M]  crypto/cryptd.mod.o
  CC      arch/x86/boot/regs.o
  CC [M]  crypto/async_tx/async_tx.mod.o
  CC [M]  crypto/async_tx/async_memcpy.mod.o
  CC      arch/x86/boot/string.o
  CC [M]  crypto/async_tx/async_xor.mod.o
  CC      arch/x86/boot/tty.o
  CC [M]  crypto/async_tx/async_pq.mod.o
  CC      arch/x86/boot/video.o
  CC      arch/x86/boot/video-mode.o
  CC      arch/x86/boot/version.o
  CC      arch/x86/boot/video-vga.o
  LDS     arch/x86/boot/compressed/vmlinux.lds
  CC      arch/x86/boot/video-vesa.o
  CC [M]  crypto/async_tx/async_raid6_recov.mod.o
  CC [M]  lib/crypto/gf128mul.mod.o
  AS      arch/x86/boot/compressed/kernel_info.o
  CC      arch/x86/boot/video-bios.o
  CPUSTR  arch/x86/boot/cpustr.h
  AS      arch/x86/boot/compressed/head_64.o
  CC      arch/x86/boot/cpu.o
  CC [M]  lib/raid/xor/xor.mod.o
  CC [M]  lib/raid/raid6/raid6_pq.mod.o
  CC [M]  drivers/char/ipmi/ipmi_msghandler.mod.o
  CC [M]  drivers/char/ipmi/ipmi_devintf.mod.o
  VOFFSET arch/x86/boot/compressed/../voffset.h
  CC      arch/x86/boot/compressed/string.o
  CC      arch/x86/boot/compressed/cmdline.o
  CC      arch/x86/boot/compressed/error.o
  CC [M]  drivers/char/ipmi/ipmi_si.mod.o
  CC [M]  drivers/char/ipmi/ipmi_ssif.mod.o
  CC [M]  drivers/acpi/acpi_ipmi.mod.o
  CC [M]  drivers/acpi/video.mod.o
  OBJCOPY arch/x86/boot/compressed/vmlinux.bin
  CC [M]  drivers/acpi/nfit/nfit.mod.o
  RELOCS  arch/x86/boot/compressed/vmlinux.relocs
  CC [M]  drivers/acpi/acpi_pad.mod.o
  HOSTCC  arch/x86/boot/compressed/mkpiggy
  CC      arch/x86/boot/compressed/cpuflags.o
  CC      arch/x86/boot/compressed/early_serial_console.o
  CC      arch/x86/boot/compressed/kaslr.o
  CC [M]  drivers/dma/ioat/ioatdma.mod.o
  CC [M]  drivers/gpu/drm/clients/drm_client_lib.mod.o
  CC [M]  drivers/gpu/drm/display/drm_display_helper.mod.o
  CC      arch/x86/boot/compressed/ident_map_64.o
  CC [M]  drivers/gpu/drm/drm.mod.o
  CC [M]  drivers/gpu/drm/drm_exec.mod.o
  CC [M]  drivers/gpu/drm/drm_gpuvm.mod.o
  CC [M]  drivers/gpu/drm/drm_shmem_helper.mod.o
  CC [M]  drivers/gpu/drm/drm_ttm_helper.mod.o
  CC [M]  drivers/gpu/drm/drm_kms_helper.mod.o
  CC      arch/x86/boot/compressed/idt_64.o
  CC [M]  drivers/gpu/drm/ttm/ttm.mod.o
  AS      arch/x86/boot/compressed/idt_handlers_64.o
  CC [M]  drivers/gpu/drm/scheduler/gpu-sched.mod.o
  CC [M]  drivers/gpu/drm/mgag200/mgag200.mod.o
  CC [M]  drivers/gpu/drm/nouveau/ch7006.mod.o
  CC [M]  drivers/gpu/drm/nouveau/sil164.mod.o
  CC [M]  drivers/gpu/drm/nouveau/nouveau.mod.o
  AS      arch/x86/boot/compressed/mem_encrypt.o
  CC [M]  drivers/misc/enclosure.mod.o
  CC [M]  drivers/misc/mei/mei.mod.o
  CC [M]  drivers/misc/mei/mei-me.mod.o
  CC [M]  drivers/mfd/lpc_ich.mod.o
  CC      arch/x86/boot/compressed/pgtable_64.o
  CC      arch/x86/boot/compressed/sev.o
  CC [M]  drivers/macintosh/mac_hid.mod.o
  CC      arch/x86/boot/compressed/sev-handle-vc.o
  CC [M]  drivers/scsi/raid_class.mod.o
  CC      arch/x86/boot/compressed/acpi.o
  CC [M]  drivers/scsi/scsi_transport_sas.mod.o
  CC [M]  drivers/scsi/mpt3sas/mpt3sas.mod.o
  CC [M]  drivers/scsi/ses.mod.o
  CC      arch/x86/boot/compressed/mem.o
  CC      arch/x86/boot/compressed/efi.o
  CC [M]  drivers/ata/ahci.mod.o
  CC [M]  drivers/ata/libahci.mod.o
  CC [M]  drivers/ata/acard-ahci.mod.o
  CC [M]  drivers/ata/ahci_platform.mod.o
  CC [M]  drivers/ata/libahci_platform.mod.o
  CC      arch/x86/boot/compressed/misc.o
  CC [M]  drivers/net/ethernet/intel/libie/libie_adminq.mod.o
  CC [M]  drivers/net/ethernet/intel/libie/libie_fwlog.mod.o
  CC [M]  drivers/net/ethernet/intel/ixgbe/ixgbe.mod.o
  CC [M]  drivers/net/ethernet/mellanox/mlx5/core/mlx5_core.mod.o
  CC [M]  drivers/net/ethernet/mellanox/mlxfw/mlxfw.mod.o
  CC [M]  drivers/net/mdio.mod.o
  CC [M]  drivers/usb/host/xhci-pci-renesas.mod.o
  CC [M]  drivers/input/input-leds.mod.o
  CC [M]  drivers/input/joydev.mod.o
  CC [M]  drivers/i2c/algos/i2c-algo-bit.mod.o
  CC [M]  drivers/media/rc/rc-core.mod.o
  CC [M]  drivers/hwmon/acpi_power_meter.mod.o
  CC [M]  drivers/hwmon/coretemp.mod.o
  CC [M]  drivers/thermal/intel/intel_powerclamp.mod.o
  CC [M]  drivers/thermal/intel/x86_pkg_temp_thermal.mod.o
  CC [M]  drivers/thermal/intel/intel_pch_thermal.mod.o
  CC [M]  drivers/md/linear.mod.o
  CC [M]  drivers/md/raid0.mod.o
  CC [M]  drivers/md/raid1.mod.o
  CC [M]  drivers/md/raid10.mod.o
  CC [M]  drivers/md/raid456.mod.o
  CC [M]  drivers/edac/skx_edac.mod.o
  CC [M]  drivers/edac/skx_edac_common.mod.o
  CC [M]  drivers/edac/i10nm_edac.mod.o
  CC [M]  drivers/firmware/efi/efi-pstore.mod.o
  CC [M]  drivers/hid/hid.mod.o
  ZSTD22  arch/x86/boot/compressed/vmlinux.bin.zst
  CC [M]  drivers/hid/hid-generic.mod.o
  CC [M]  drivers/hid/usbhid/usbhid.mod.o
  CC [M]  drivers/platform/x86/dell/dell-wmi-ddv.mod.o
  CC [M]  drivers/platform/x86/hp/hp-bioscfg/hp-bioscfg.mod.o
  CC [M]  drivers/platform/x86/intel/speed_select_if/isst_if_common.mod.o
  CC [M]  drivers/platform/x86/intel/speed_select_if/isst_if_mmio.mod.o
  CC [M]  drivers/platform/x86/intel/speed_select_if/isst_if_mbox_pci.mod.o
  CC [M]  drivers/platform/x86/intel/speed_select_if/isst_if_mbox_msr.mod.o
  CC [M]  drivers/platform/x86/mxm-wmi.mod.o
  CC [M]  drivers/platform/x86/firmware_attributes_class.mod.o
  CC [M]  drivers/platform/wmi/wmi.mod.o
  CC [M]  drivers/virt/coco/guest/tsm_report.mod.o
  CC [M]  drivers/virt/coco/sev-guest/sev-guest.mod.o
  CC [M]  drivers/powercap/intel_rapl_common.mod.o
  CC [M]  drivers/powercap/intel_rapl_msr.mod.o
  CC [M]  drivers/infiniband/core/ib_core.mod.o
  CC [M]  drivers/infiniband/core/ib_cm.mod.o
  CC [M]  drivers/infiniband/core/iw_cm.mod.o
  CC [M]  drivers/infiniband/core/rdma_cm.mod.o
  CC [M]  drivers/infiniband/core/ib_uverbs.mod.o
  CC [M]  drivers/infiniband/core/rdma_ucm.mod.o
  CC [M]  drivers/infiniband/core/ib_uverbs_support.mod.o
  CC [M]  drivers/infiniband/hw/mlx5/mlx5_ib.mod.o
  CC [M]  drivers/dca/dca.mod.o
  CC [M]  net/sched/sch_fq_codel.mod.o
  CC [M]  net/netfilter/x_tables.mod.o
  CC [M]  net/netfilter/xt_tcpudp.mod.o
  CC [M]  net/tls/tls.mod.o
  CC [M]  net/sunrpc/sunrpc.mod.o
  CC [M]  net/psample/psample.mod.o
  LD [M]  arch/x86/events/intel/intel-cstate.ko
  BTF [M] arch/x86/events/intel/intel-cstate.ko
  LD [M]  arch/x86/events/rapl.ko
  LD [M]  arch/x86/crypto/aesni-intel.ko
  LD [M]  arch/x86/kvm/kvm.ko
  BTF [M] arch/x86/events/rapl.ko
  LD [M]  arch/x86/kvm/kvm-intel.ko
  BTF [M] arch/x86/crypto/aesni-intel.ko
  LD [M]  arch/x86/kvm/kvm-amd.ko
  LD [M]  kernel/configs.ko
  BTF [M] kernel/configs.ko
  LD [M]  fs/nfs_common/nfs_acl.ko
  LD [M]  fs/nfs_common/grace.ko
  LD [M]  fs/nls/nls_iso8859-1.ko
  LD [M]  fs/binfmt_misc.ko
  BTF [M] fs/nfs_common/nfs_acl.ko
  BTF [M] fs/nfs_common/grace.ko
  LD [M]  fs/netfs/netfs.ko
  LD [M]  fs/nfs/nfs.ko
  BTF [M] arch/x86/kvm/kvm-amd.ko
  BTF [M] fs/nls/nls_iso8859-1.ko
  BTF [M] fs/binfmt_misc.ko
  BTF [M] arch/x86/kvm/kvm-intel.ko
  LD [M]  fs/nfs/nfsv3.ko
  LD [M]  fs/lockd/lockd.ko
  LD [M]  fs/autofs/autofs4.ko
  LD [M]  crypto/cryptd.ko
  BTF [M] crypto/cryptd.ko
  BTF [M] fs/nfs/nfsv3.ko
  BTF [M] fs/autofs/autofs4.ko
  BTF [M] fs/netfs/netfs.ko
  BTF [M] fs/lockd/lockd.ko
  LD [M]  crypto/async_tx/async_tx.ko
  LD [M]  crypto/async_tx/async_memcpy.ko
  LD [M]  crypto/async_tx/async_xor.ko
  BTF [M] crypto/async_tx/async_tx.ko
  BTF [M] crypto/async_tx/async_memcpy.ko
  BTF [M] crypto/async_tx/async_xor.ko
  LD [M]  crypto/async_tx/async_pq.ko
  BTF [M] fs/nfs/nfs.ko
  BTF [M] arch/x86/kvm/kvm.ko
  LD [M]  crypto/async_tx/async_raid6_recov.ko
  BTF [M] crypto/async_tx/async_raid6_recov.ko
  LD [M]  lib/crypto/gf128mul.ko
  BTF [M] crypto/async_tx/async_pq.ko
  LD [M]  lib/raid/xor/xor.ko
  BTF [M] lib/crypto/gf128mul.ko
  LD [M]  lib/raid/raid6/raid6_pq.ko
  LD [M]  drivers/char/ipmi/ipmi_msghandler.ko
  BTF [M] lib/raid/raid6/raid6_pq.ko
  BTF [M] lib/raid/xor/xor.ko
  BTF [M] drivers/char/ipmi/ipmi_msghandler.ko
  LD [M]  drivers/char/ipmi/ipmi_devintf.ko
  BTF [M] drivers/char/ipmi/ipmi_devintf.ko
  LD [M]  drivers/char/ipmi/ipmi_si.ko
  BTF [M] drivers/char/ipmi/ipmi_si.ko
  LD [M]  drivers/char/ipmi/ipmi_ssif.ko
  LD [M]  drivers/acpi/acpi_ipmi.ko
  LD [M]  drivers/acpi/video.ko
  LD [M]  drivers/acpi/nfit/nfit.ko
  BTF [M] drivers/char/ipmi/ipmi_ssif.ko
  BTF [M] drivers/acpi/acpi_ipmi.ko
  BTF [M] drivers/acpi/video.ko
  LD [M]  drivers/acpi/acpi_pad.ko
  LD [M]  drivers/dma/ioat/ioatdma.ko
  LD [M]  drivers/gpu/drm/clients/drm_client_lib.ko
  LD [M]  drivers/gpu/drm/display/drm_display_helper.ko
  BTF [M] drivers/acpi/acpi_pad.ko
  BTF [M] drivers/acpi/nfit/nfit.ko
  BTF [M] drivers/gpu/drm/clients/drm_client_lib.ko
  LD [M]  drivers/gpu/drm/drm.ko
  LD [M]  drivers/gpu/drm/drm_exec.ko
  BTF [M] drivers/dma/ioat/ioatdma.ko
  LD [M]  drivers/gpu/drm/drm_gpuvm.ko
  BTF [M] drivers/gpu/drm/drm_exec.ko
  LD [M]  drivers/gpu/drm/drm_shmem_helper.ko
  LD [M]  drivers/gpu/drm/drm_ttm_helper.ko
  LD [M]  drivers/gpu/drm/drm_kms_helper.ko
  LD [M]  drivers/gpu/drm/ttm/ttm.ko
  LD [M]  drivers/gpu/drm/scheduler/gpu-sched.ko
  LD [M]  drivers/gpu/drm/mgag200/mgag200.ko
  LD [M]  drivers/gpu/drm/nouveau/ch7006.ko
  LD [M]  drivers/gpu/drm/nouveau/sil164.ko
  BTF [M] drivers/gpu/drm/display/drm_display_helper.ko
  LD [M]  drivers/gpu/drm/nouveau/nouveau.ko
  LD [M]  drivers/misc/enclosure.ko
  BTF [M] drivers/gpu/drm/drm_gpuvm.ko
  BTF [M] drivers/gpu/drm/drm_shmem_helper.ko
  BTF [M] drivers/gpu/drm/drm_ttm_helper.ko
  BTF [M] drivers/gpu/drm/nouveau/sil164.ko
  LD [M]  drivers/misc/mei/mei.ko
  BTF [M] drivers/gpu/drm/nouveau/ch7006.ko
  BTF [M] drivers/misc/enclosure.ko
  LD [M]  drivers/misc/mei/mei-me.ko
  BTF [M] drivers/gpu/drm/scheduler/gpu-sched.ko
  LD [M]  drivers/mfd/lpc_ich.ko
  LD [M]  drivers/scsi/raid_class.ko
  LD [M]  drivers/macintosh/mac_hid.ko
  BTF [M] drivers/gpu/drm/ttm/ttm.ko
  BTF [M] drivers/misc/mei/mei-me.ko
  BTF [M] drivers/scsi/raid_class.ko
  BTF [M] drivers/macintosh/mac_hid.ko
  BTF [M] drivers/gpu/drm/mgag200/mgag200.ko
  LD [M]  drivers/scsi/scsi_transport_sas.ko
  LD [M]  drivers/scsi/mpt3sas/mpt3sas.ko
  BTF [M] drivers/mfd/lpc_ich.ko
  BTF [M] drivers/misc/mei/mei.ko
  BTF [M] drivers/scsi/scsi_transport_sas.ko
  LD [M]  drivers/scsi/ses.ko
  BTF [M] drivers/gpu/drm/drm_kms_helper.ko
  BTF [M] drivers/scsi/ses.ko
  LD [M]  drivers/ata/ahci.ko
  LD [M]  drivers/ata/libahci.ko
  BTF [M] drivers/ata/ahci.ko
  BTF [M] drivers/scsi/mpt3sas/mpt3sas.ko
  LD [M]  drivers/ata/acard-ahci.ko
  BTF [M] drivers/ata/libahci.ko
  BTF [M] drivers/ata/acard-ahci.ko
  LD [M]  drivers/ata/ahci_platform.ko
  BTF [M] drivers/gpu/drm/drm.ko
  BTF [M] drivers/ata/ahci_platform.ko
  LD [M]  drivers/ata/libahci_platform.ko
  BTF [M] drivers/ata/libahci_platform.ko
  LD [M]  drivers/net/ethernet/intel/libie/libie_adminq.ko
  LD [M]  drivers/net/ethernet/intel/libie/libie_fwlog.ko
  BTF [M] drivers/net/ethernet/intel/libie/libie_adminq.ko
  BTF [M] drivers/net/ethernet/intel/libie/libie_fwlog.ko
  LD [M]  drivers/net/ethernet/intel/ixgbe/ixgbe.ko
  LD [M]  drivers/net/ethernet/mellanox/mlx5/core/mlx5_core.ko
  LD [M]  drivers/net/mdio.ko
  LD [M]  drivers/net/ethernet/mellanox/mlxfw/mlxfw.ko
  LD [M]  drivers/usb/host/xhci-pci-renesas.ko
  LD [M]  drivers/input/input-leds.ko
  BTF [M] drivers/net/mdio.ko
  BTF [M] drivers/net/ethernet/mellanox/mlxfw/mlxfw.ko
  BTF [M] drivers/usb/host/xhci-pci-renesas.ko
  BTF [M] drivers/input/input-leds.ko
  LD [M]  drivers/input/joydev.ko
  LD [M]  drivers/i2c/algos/i2c-algo-bit.ko
  LD [M]  drivers/media/rc/rc-core.ko
  LD [M]  drivers/hwmon/acpi_power_meter.ko
  LD [M]  drivers/hwmon/coretemp.ko
  BTF [M] drivers/input/joydev.ko
  BTF [M] drivers/i2c/algos/i2c-algo-bit.ko
  LD [M]  drivers/thermal/intel/intel_powerclamp.ko
  BTF [M] drivers/hwmon/coretemp.ko
  LD [M]  drivers/thermal/intel/x86_pkg_temp_thermal.ko
  BTF [M] drivers/hwmon/acpi_power_meter.ko
  BTF [M] drivers/media/rc/rc-core.ko
  LD [M]  drivers/thermal/intel/intel_pch_thermal.ko
  LD [M]  drivers/md/linear.ko
  BTF [M] drivers/thermal/intel/intel_powerclamp.ko
  BTF [M] drivers/thermal/intel/x86_pkg_temp_thermal.ko
  BTF [M] drivers/thermal/intel/intel_pch_thermal.ko
  LD [M]  drivers/md/raid0.ko
  BTF [M] drivers/md/linear.ko
  BTF [M] drivers/md/raid0.ko
  LD [M]  drivers/md/raid1.ko
  LD [M]  drivers/md/raid10.ko
  LD [M]  drivers/md/raid456.ko
  LD [M]  drivers/edac/skx_edac.ko
  BTF [M] drivers/md/raid1.ko
  BTF [M] drivers/md/raid10.ko
  BTF [M] drivers/edac/skx_edac.ko
  LD [M]  drivers/edac/skx_edac_common.ko
  LD [M]  drivers/edac/i10nm_edac.ko
  LD [M]  drivers/firmware/efi/efi-pstore.ko
  BTF [M] drivers/md/raid456.ko
  BTF [M] drivers/edac/skx_edac_common.ko
  BTF [M] drivers/firmware/efi/efi-pstore.ko
  LD [M]  drivers/hid/hid.ko
  BTF [M] drivers/net/ethernet/intel/ixgbe/ixgbe.ko
  BTF [M] drivers/edac/i10nm_edac.ko
  LD [M]  drivers/hid/hid-generic.ko
  LD [M]  drivers/hid/usbhid/usbhid.ko
  BTF [M] drivers/hid/hid-generic.ko
  BTF [M] drivers/hid/hid.ko
  BTF [M] drivers/hid/usbhid/usbhid.ko
  LD [M]  drivers/platform/x86/dell/dell-wmi-ddv.ko
  LD [M]  drivers/platform/x86/hp/hp-bioscfg/hp-bioscfg.ko
  LD [M]  drivers/platform/x86/intel/speed_select_if/isst_if_common.ko
  LD [M]  drivers/platform/x86/intel/speed_select_if/isst_if_mmio.ko
  BTF [M] drivers/platform/x86/dell/dell-wmi-ddv.ko
  BTF [M] drivers/platform/x86/intel/speed_select_if/isst_if_common.ko
  LD [M]  drivers/platform/x86/intel/speed_select_if/isst_if_mbox_pci.ko
  LD [M]  drivers/platform/x86/intel/speed_select_if/isst_if_mbox_msr.ko
  LD [M]  drivers/platform/x86/mxm-wmi.ko
  BTF [M] drivers/platform/x86/intel/speed_select_if/isst_if_mbox_pci.ko
  BTF [M] drivers/platform/x86/intel/speed_select_if/isst_if_mbox_msr.ko
  BTF [M] drivers/platform/x86/intel/speed_select_if/isst_if_mmio.ko
  LD [M]  drivers/platform/x86/firmware_attributes_class.ko
  BTF [M] drivers/platform/x86/mxm-wmi.ko
  BTF [M] drivers/platform/x86/hp/hp-bioscfg/hp-bioscfg.ko
  LD [M]  drivers/platform/wmi/wmi.ko
  BTF [M] drivers/platform/x86/firmware_attributes_class.ko
  LD [M]  drivers/virt/coco/guest/tsm_report.ko
  LD [M]  drivers/virt/coco/sev-guest/sev-guest.ko
  LD [M]  drivers/powercap/intel_rapl_common.ko
  BTF [M] drivers/virt/coco/guest/tsm_report.ko
  LD [M]  drivers/powercap/intel_rapl_msr.ko
  LD [M]  drivers/infiniband/core/ib_core.ko
  BTF [M] drivers/virt/coco/sev-guest/sev-guest.ko
  BTF [M] drivers/platform/wmi/wmi.ko
  BTF [M] drivers/powercap/intel_rapl_common.ko
  BTF [M] drivers/powercap/intel_rapl_msr.ko
  LD [M]  drivers/infiniband/core/ib_cm.ko
  LD [M]  drivers/infiniband/core/iw_cm.ko
  LD [M]  drivers/infiniband/core/rdma_cm.ko
  LD [M]  drivers/infiniband/core/ib_uverbs.ko
  BTF [M] drivers/infiniband/core/ib_cm.ko
  LD [M]  drivers/infiniband/core/rdma_ucm.ko
  BTF [M] drivers/infiniband/core/iw_cm.ko
  LD [M]  drivers/infiniband/core/ib_uverbs_support.ko
  LD [M]  drivers/infiniband/hw/mlx5/mlx5_ib.ko
  LD [M]  drivers/dca/dca.ko
  LD [M]  net/sched/sch_fq_codel.ko
  LD [M]  net/netfilter/x_tables.ko
  BTF [M] drivers/infiniband/core/rdma_ucm.ko
  LD [M]  net/netfilter/xt_tcpudp.ko
  LD [M]  net/tls/tls.ko
  BTF [M] drivers/infiniband/core/ib_uverbs_support.ko
  BTF [M] drivers/dca/dca.ko
  BTF [M] net/sched/sch_fq_codel.ko
  BTF [M] net/netfilter/xt_tcpudp.ko
  BTF [M] net/netfilter/x_tables.ko
  BTF [M] drivers/infiniband/core/rdma_cm.ko
  LD [M]  net/sunrpc/sunrpc.ko
  BTF [M] net/tls/tls.ko
  LD [M]  net/psample/psample.ko
  BTF [M] drivers/infiniband/core/ib_uverbs.ko
  BTF [M] net/psample/psample.ko
  BTF [M] drivers/infiniband/core/ib_core.ko
  BTF [M] drivers/infiniband/hw/mlx5/mlx5_ib.ko
  BTF [M] net/sunrpc/sunrpc.ko
  BTF [M] drivers/net/ethernet/mellanox/mlx5/core/mlx5_core.ko
  BTF [M] drivers/gpu/drm/nouveau/nouveau.ko
  MKPIGGY arch/x86/boot/compressed/piggy.S
  AS      arch/x86/boot/compressed/piggy.o
  LD      arch/x86/boot/compressed/vmlinux
  ZOFFSET arch/x86/boot/zoffset.h
  OBJCOPY arch/x86/boot/vmlinux.bin
  AS      arch/x86/boot/header.o
  LD      arch/x86/boot/setup.elf
  OBJCOPY arch/x86/boot/setup.bin
  BUILD   arch/x86/boot/bzImage
Kernel: arch/x86/boot/bzImage is ready  (#1)
